CH_2,label
-1,0
-1,0
0,0
0,0
-2,0
-2,0
-2,0
0,0
-1,0
0,0
0,0
-2,0
-2,0
-1,0
-2,0
-1,0
-2,0
-2,0
-2,0
-2,0
0,0
-1,0
-2,0
-2,0
-1,0
-1,0
-2,0
0,0
-2,0
-2,0
-2,0
-2,0
0,0
-2,0
0,0
-2,0
1,0
0,0
-2,0
0,0
-2,0
-1,0
1,0
-2,0
0,0
-1,0
-2,0
-2,0
1,0
-1,0
-1,0
-1,0
-1,0
-3,0
-1,0
-1,0
-1,0
-1,0
0,0
0,0
-2,0
0,0
-2,0
-1,0
-1,0
1,0
0,0
0,0
-1,0
-3,0
-2,0
-2,0
-1,0
-2,0
1,0
-1,0
0,0
0,0
-2,0
-2,0
1,0
0,0
-3,0
-1,0
-2,0
-1,0
1,0
-2,0
0,0
-2,0
0,0
0,0
0,0
-2,0
-1,0
-3,0
-3,0
0,0
1,0
0,0
-2,0
0,0
-1,0
-2,0
-2,0
-2,0
-2,0
-1,0
-1,0
-2,0
-1,0
0,0
-1,0
-1,0
0,0
-2,0
0,0
0,0
0,0
-3,0
-3,0
1,0
1,0
0,0
-1,0
-1,0
-3,0
1,0
0,0
-1,0
1,0
0,0
-6,0
-3,0
1,0
-5,0
-8,0
-5,0
8,0
-16,0
-16,0
-18,0
-51,0
32,0
12,0
14,0
4,0
-3,0
-2,0
1,0
11,0
5,0
-2,0
0,0
-1,0
-8,0
-2,0
2,0
0,0
4,0
2,0
-9,0
-6,0
-8,0
-4,0
-15,0
20,0
-10,0
-11,0
-5,0
-5,0
5,0
6,0
-2,0
-8,0
-27,0
-2,0
1,0
-10,0
-1,0
-1,0
-10,0
21,0
8,0
-2,0
1,0
13,0
-17,0
10,0
-4,0
-19,0
9,0
0,0
2,0
-1,0
-5,0
-8,0
13,0
1,0
-20,0
-1,0
-11,0
-8,0
14,0
-37,0
16,0
5,0
-5,0
2,0
3,0
-9,0
5,0
-4,0
2,0
5,0
-14,0
-4,0
0,0
5,0
19,0
-1,0
-3,0
17,0
2,0
-2,0
-2,0
-9,0
-2,0
7,0
-4,0
0,0
-5,0
-9,0
7,0
5,0
-11,0
2,0
-6,0
9,0
-7,0
-7,0
6,0
-9,0
7,0
11,0
1,0
3,0
1,0
3,0
-15,0
-11,0
2,0
-7,0
14,0
0,0
6,0
-12,0
-8,0
-2,0
-8,0
18,0
-7,0
-22,0
-19,0
5,0
-8,0
-9,0
-2,0
4,0
6,0
-4,0
-1,0
7,0
-2,0
-17,0
5,0
5,0
6,0
-1,0
-9,0
2,0
10,0
-3,0
14,0
-8,0
-9,0
4,0
-4,0
0,0
12,0
6,0
-4,0
-5,0
-9,0
5,0
-5,0
-4,0
5,0
-1,0
11,0
-1,0
-1,0
-16,0
7,0
1,0
-6,0
0,0
4,0
5,0
-5,0
-10,0
-3,0
-6,0
-4,0
8,0
-3,0
2,0
3,0
4,0
-11,0
3,0
1,0
-5,0
9,0
0,0
-5,0
4,0
0,0
-14,0
-11,0
-6,0
2,0
8,0
-9,0
5,0
1,0
11,0
1,0
-4,0
-7,0
-3,0
5,0
4,0
3,0
-4,0
-12,0
6,0
-11,0
-1,0
3,0
-5,0
-40,0
-6,0
17,0
12,0
3,0
-3,0
9,0
8,0
-5,0
-5,0
2,0
-14,0
-2,0
7,0
9,0
-16,0
-1,0
0,0
1,0
12,0
-3,0
-5,0
0,0
0,0
12,0
-9,0
-4,0
-5,0
4,0
-5,0
-5,0
6,0
-17,0
19,0
-3,0
-11,0
-9,0
4,0
1,0
-9,0
4,0
1,0
11,0
-9,0
9,0
-8,0
4,0
5,0
2,0
-8,0
-9,0
-6,0
-1,0
0,0
-15,0
-9,0
9,0
-10,0
20,0
2,0
-2,0
-3,0
-10,0
-12,0
5,0
-4,0
8,0
4,0
-2,0
8,0
11,0
-7,0
4,0
2,0
-5,0
3,0
-11,0
8,0
9,0
-12,0
-20,0
14,0
-4,0
-8,0
5,0
-16,0
1,0
-3,0
3,0
2,0
8,0
-5,0
-1,0
-11,0
-2,0
-9,0
-16,0
-2,0
2,0
-3,0
3,0
-5,0
7,0
7,0
-2,0
-3,0
4,0
-1,0
-4,0
0,0
-2,0
-3,0
-5,0
5,0
3,0
3,0
0,0
-1,0
-2,0
1,0
-3,0
-1,0
-1,0
2,0
-5,0
-1,0
-2,0
-3,0
-1,0
0,0
0,0
-1,0
-2,0
-2,0
0,0
1,0
-2,0
0,0
-1,0
0,0
-2,0
0,0
-1,0
-3,0
-1,0
-1,0
-2,0
0,0
-3,0
-1,0
-1,0
-3,0
-1,0
2,0
-2,0
-1,0
0,0
-1,0
-1,0
0,0
0,0
-1,0
-2,0
-1,0
-2,0
-1,0
-3,0
0,0
0,0
0,0
-1,0
-1,0
2,0
0,0
0,0
-2,0
1,0
-1,0
-1,0
-1,0
-2,0
-1,0
0,0
-1,0
0,0
0,0
-3,0
1,0
-1,0
-1,0
-1,0
0,0
-1,0
-2,0
-1,0
0,0
0,0
1,0
-2,0
-1,0
-1,0
-2,0
-2,0
-2,0
-1,0
1,0
-2,0
0,0
-2,0
-1,0
0,0
0,0
-1,0
-2,0
-1,0
-1,0
-1,0
0,0
-2,0
1,0
-1,0
0,0
-2,0
0,0
0,0
-3,0
1,0
0,0
-1,0
-1,0
-1,0
-2,0
0,0
-1,0
-2,0
-3,0
-1,0
-2,0
0,0
-1,0
-2,0
-2,0
-1,0
1,0
-2,0
1,0
-2,0
-2,0
-1,0
-2,0
-2,0
0,0
-1,0
-1,0
-1,0
1,0
-1,0
-2,0
1,0
-2,0
0,0
-2,0
1,0
-2,0
-2,0
-2,0
-2,0
-1,0
-2,0
-1,0
-1,0
-1,0
-3,0
3,0
-22,0
9,0
4,0
-2,0
8,0
-9,0
-4,0
0,0
15,0
-43,0
6,0
-8,0
-3,0
6,0
5,0
-5,0
8,0
-2,0
4,0
-4,0
-6,0
-1,0
-1,0
-6,0
13,0
8,0
23,0
-3,0
-7,0
-64,0
11,0
-13,0
-6,0
-18,0
27,0
21,0
-5,0
14,0
17,0
26,0
20,0
-12,0
-19,0
72,0
-4,0
-6,0
13,0
-45,0
-5,0
6,0
35,0
34,0
-78,0
-67,0
122,0
-3,0
-19,0
-23,0
-57,0
37,0
-36,0
33,0
20,0
-9,0
13,0
-9,0
-25,0
13,0
-23,0
-15,0
47,0
0,0
-2,0
-1,0
-1,0
-11,0
6,0
2,0
13,0
-8,0
4,0
-30,0
16,0
-7,0
20,0
14,0
-7,0
28,0
-8,0
-7,0
-3,0
-14,0
7,0
-50,0
15,0
22,0
-13,0
3,0
-16,0
8,0
12,0
-12,0
-5,0
-6,0
28,0
-28,0
5,0
4,0
25,0
7,0
6,0
-6,0
-9,0
-8,0
-1,0
-6,0
-14,0
-13,0
9,0
-11,0
4,0
-25,0
-15,0
9,0
3,0
-7,0
28,0
-20,0
5,0
-17,0
4,0
-12,0
-15,0
12,0
2,0
-26,0
11,0
13,0
12,0
9,0
-2,0
-5,0
-6,0
17,0
9,0
18,0
-13,0
-25,0
27,0
5,0
-11,0
-21,0
-7,0
-1,0
5,0
8,0
5,0
5,0
0,0
21,0
44,0
-38,0
13,0
0,0
10,0
-10,0
-25,0
2,0
19,0
-26,0
5,0
4,0
19,0
12,0
-6,0
13,0
46,0
-9,0
-17,0
7,0
-16,0
-1,0
5,0
-21,0
8,0
-22,0
16,0
-23,0
29,0
9,0
-23,0
-9,0
2,0
11,0
-15,0
4,0
-2,0
15,0
2,0
-8,0
0,0
3,0
12,0
-20,0
-3,0
-4,0
3,0
1,0
3,0
2,0
-17,0
-8,0
4,0
18,0
-13,0
-4,0
-9,0
-15,0
6,0
6,0
-13,0
-5,0
9,0
1,0
-17,0
6,0
-8,0
2,0
15,0
-5,0
-3,0
7,0
-8,0
-20,0
9,0
-15,0
1,0
4,0
10,0
-23,0
2,0
3,0
11,0
4,0
4,0
3,0
-9,0
-5,0
2,0
-7,0
8,0
11,0
-1,0
-3,0
7,0
-12,0
5,0
3,0
5,0
4,0
-10,0
-6,0
-7,0
-6,0
0,0
6,0
3,0
-11,0
-13,0
6,0
-12,0
2,0
-6,0
12,0
3,0
-7,0
4,0
-1,0
-11,0
2,0
8,0
-13,0
11,0
-12,0
-12,0
2,0
-5,0
2,0
-23,0
-12,0
1,0
-1,0
-6,0
-13,0
-5,0
4,0
7,0
12,0
5,0
-14,0
16,0
7,0
-3,0
0,0
5,0
-2,0
-6,0
-2,0
4,0
-10,0
5,0
-10,0
25,0
-27,0
4,0
-5,0
-14,0
11,0
14,0
-1,0
-16,0
4,0
-3,0
1,0
17,0
0,0
11,0
32,0
-6,0
-9,0
-4,0
-13,0
-3,0
1,0
-4,0
0,0
-1,0
-7,0
-8,0
-2,0
1,0
-3,0
3,0
-3,0
-1,0
1,0
4,0
-5,0
-5,0
1,0
0,0
2,0
2,0
-7,0
2,0
-2,0
-3,0
-4,0
-3,0
-3,0
-2,0
-2,0
1,0
-3,0
1,0
-1,0
1,0
-1,0
-2,0
-1,0
0,0
-1,0
-1,0
-1,0
-2,0
0,0
-2,0
-1,0
-1,0
-1,0
-2,0
0,0
0,0
-1,0
1,0
-2,0
-1,0
-1,0
-2,0
0,0
-1,0
-2,0
-2,0
-1,0
0,0
0,0
-1,0
-2,0
-3,0
-3,0
-1,0
0,0
-1,0
1,0
-1,0
0,0
-1,0
1,0
0,0
-2,0
-1,0
-1,0
-2,0
-1,0
-2,0
-1,0
0,0
-1,0
-2,0
-2,0
-3,0
-2,0
1,0
-1,0
1,0
-1,0
-3,0
-1,0
-1,0
0,0
-1,0
0,0
-2,0
0,0
-1,0
0,0
-2,0
-1,0
-1,0
-1,0
0,0
-1,0
-1,0
-1,0
-2,0
-1,0
-2,0
-1,0
-1,0
-1,0
-1,0
0,0
-1,0
-1,0
-1,0
0,0
-1,0
2,0
-1,0
1,0
0,0
-2,0
-2,0
-2,0
1,0
-1,0
-1,0
-1,0
-1,0
-2,0
0,0
-1,0
-1,0
-1,0
-3,0
-2,0
-1,0
0,0
-1,0
0,0
-2,0
-1,0
-2,0
0,0
0,0
-1,0
0,0
-2,0
-1,0
0,0
-1,0
-2,0
-1,0
-2,0
0,0
-1,0
-1,0
-2,0
-4,0
-3,0
7,0
42,0
-17,0
16,0
-18,0
-20,0
17,0
-16,0
-14,0
-7,0
7,0
2,0
5,0
-5,0
5,0
-1,0
0,0
-5,0
-3,0
0,0
-5,0
8,0
-3,0
-1,0
-8,0
11,0
12,0
-21,0
0,0
6,0
11,0
1,0
16,0
16,0
-6,0
-17,0
-23,0
30,0
-13,0
13,0
-22,0
30,0
7,0
-5,0
2,0
-18,0
-3,0
-9,0
-7,0
21,0
54,0
16,0
-25,0
66,0
-69,0
-38,0
-38,0
-20,0
-9,0
40,0
-17,0
-1,0
7,0
13,0
1,0
5,0
-8,0
-4,0
7,0
-10,0
-8,0
11,0
-6,0
19,0
4,0
-6,0
-1,0
7,0
-20,0
-1,0
-4,0
-1,0
-10,0
-10,0
-2,0
6,0
6,0
-10,0
14,0
-2,0
-1,0
-6,0
-14,0
24,0
-16,0
0,0
3,0
0,0
15,0
-16,0
-3,0
-27,0
-5,0
-3,0
20,0
-13,0
1,0
-4,0
-30,0
0,0
-8,0
-8,0
16,0
3,0
9,0
-1,0
3,0
11,0
10,0
3,0
0,0
7,0
-4,0
4,0
-18,0
-3,0
8,0
-9,0
-3,0
-11,0
-7,0
-21,0
2,0
-10,0
2,0
14,0
-16,0
20,0
-8,0
-2,0
7,0
-10,0
-18,0
34,0
-12,0
-3,0
-31,0
16,0
-13,0
-4,0
-8,0
9,0
-3,0
17,0
10,0
-12,0
-1,0
-18,0
10,0
18,0
-19,0
-3,0
4,0
2,0
10,0
-12,0
-4,0
-9,0
0,0
-7,0
4,0
16,0
-4,0
16,0
21,0
1,0
-9,0
12,0
-8,0
-24,0
-8,0
-27,0
17,0
-16,0
13,0
3,0
2,0
-1,0
10,0
16,0
2,0
-15,0
-1,0
-6,0
-13,0
-6,0
-17,0
-2,0
-5,0
-10,0
21,0
-5,0
13,0
4,0
5,0
10,0
-8,0
-1,0
-1,0
-7,0
6,0
0,0
-6,0
2,0
7,0
-9,0
0,0
-7,0
9,0
-10,0
2,0
-6,0
14,0
7,0
-4,0
0,0
-10,0
-2,0
-10,0
21,0
-2,0
-6,0
0,0
0,0
-6,0
-13,0
12,0
-4,0
-34,0
-3,0
6,0
12,0
0,0
21,0
1,0
-6,0
-13,0
14,0
-4,0
-12,0
10,0
2,0
0,0
-4,0
-6,0
4,0
1,0
-3,0
2,0
2,0
9,0
-3,0
6,0
-5,0
3,0
-7,0
1,0
-12,0
-2,0
-4,0
-8,0
2,0
4,0
-1,0
9,0
-3,0
-9,0
5,0
-1,0
1,0
13,0
-13,0
5,0
-6,0
-10,0
2,0
5,0
12,0
2,0
-13,0
9,0
-3,0
-7,0
8,0
-4,0
-6,0
2,0
-2,0
-1,0
-5,0
0,0
-3,0
-1,0
-2,0
-1,0
-3,0
-1,0
-1,0
-1,0
-2,0
1,0
-1,0
-1,0
-3,0
1,0
-1,0
-2,0
-2,0
-1,0
-2,0
0,0
0,0
-1,0
1,0
0,0
-2,0
-1,0
0,0
-2,0
1,0
0,0
-1,0
-2,0
0,0
-1,0
-1,0
-1,0
-2,0
-1,0
-2,0
-1,0
0,0
0,0
-2,0
-2,0
-1,0
1,0
-1,0
0,0
-1,0
-2,0
-2,0
0,0
-1,0
0,0
1,0
-1,0
-3,0
-1,0
1,0
0,0
0,0
-1,0
-3,0
-1,0
-1,0
1,0
0,0
-2,0
-2,0
0,0
-2,0
0,0
-1,0
2,0
-3,0
-1,0
-1,0
-1,0
0,0
-2,0
0,0
0,0
0,0
-2,0
0,0
0,0
-1,0
0,0
0,0
-1,0
-2,0
-3,0
1,0
-3,0
-1,0
-1,0
0,0
-2,0
1,0
-1,0
-1,0
-1,0
-2,0
0,0
0,0
0,0
0,0
0,0
-1,0
-1,0
0,0
-1,0
-1,0
-2,0
-1,0
-2,0
-1,0
0,0
-1,0
-1,0
-2,0
-2,0
0,0
-1,0
0,0
-1,0
-1,0
0,0
-2,0
1,0
-1,0
1,0
-1,0
-1,0
-2,0
0,0
-1,0
1,0
-1,0
-2,0
-2,0
0,0
-4,0
-1,0
0,0
-1,0
0,0
0,0
-1,0
-2,0
1,0
-4,0
0,0
3,0
-9,0
17,0
-2,0
-33,0
15,0
-4,0
-30,0
22,0
8,0
22,0
-11,0
-41,0
-3,0
-2,0
-3,0
-2,0
-2,0
4,0
3,0
-5,0
-5,0
-2,0
4,0
6,0
0,0
-2,0
-13,0
-6,0
24,0
-20,0
-12,0
13,0
9,0
15,0
21,0
3,0
-32,0
-19,0
30,0
-12,0
-45,0
42,0
18,0
-26,0
37,0
34,0
-55,0
24,0
-7,0
-86,0
-42,0
23,0
10,0
29,0
-61,0
-23,0
16,0
-47,0
16,0
-8,0
-16,0
17,0
28,0
-35,0
-34,0
27,0
12,0
-7,0
-4,0
-50,0
4,0
-10,0
-7,0
16,0
41,0
-39,0
28,0
-17,0
-8,0
35,0
57,0
-7,0
1,0
7,0
9,0
31,0
-30,0
-23,0
-54,0
41,0
22,0
28,0
28,0
-14,0
-22,0
-8,0
2,0
-5,0
-32,0
22,0
15,0
-103,0
35,0
-71,0
58,0
-12,0
22,0
-24,0
57,0
6,0
-100,0
-12,0
29,0
-7,0
-3,0
4,0
-39,0
-8,0
31,0
0,0
-23,0
-9,0
29,0
0,0
1,0
7,0
-26,0
-13,0
-62,0
-32,0
39,0
-9,0
19,0
-19,0
-1,0
-10,0
14,0
12,0
13,0
-1,0
-3,0
0,0
2,0
17,0
56,0
-51,0
-3,0
-12,0
26,0
-38,0
4,0
-22,0
0,0
-13,0
-12,0
9,0
-2,0
-5,0
-3,0
-13,0
10,0
21,0
0,0
-13,0
4,0
12,0
-2,0
13,0
-5,0
-14,0
-21,0
33,0
25,0
-13,0
-8,0
-5,0
-15,0
-3,0
20,0
-24,0
-9,0
4,0
23,0
0,0
3,0
-8,0
0,0
0,0
-20,0
16,0
12,0
-19,0
-4,0
5,0
4,0
-15,0
8,0
-15,0
7,0
-10,0
4,0
12,0
-12,0
-13,0
-4,0
4,0
-1,0
3,0
14,0
2,0
-20,0
22,0
-15,0
-3,0
-13,0
-37,0
15,0
9,0
13,0
6,0
-17,0
10,0
-6,0
12,0
-11,0
17,0
0,0
14,0
-2,0
-5,0
-13,0
6,0
-5,0
-3,0
-32,0
11,0
5,0
-7,0
8,0
-2,0
8,0
-8,0
-15,0
4,0
-12,0
-5,0
5,0
-5,0
0,0
-15,0
-1,0
-1,0
7,0
6,0
2,0
-7,0
5,0
0,0
15,0
-34,0
16,0
13,0
4,0
-3,0
6,0
-23,0
-16,0
6,0
39,0
-34,0
-5,0
25,0
-12,0
25,0
15,0
-21,0
0,0
46,0
14,0
2,0
-2,0
-2,0
-34,0
21,0
-2,0
12,0
-23,0
-10,0
-14,0
-4,0
13,0
-20,0
-2,0
9,0
2,0
-3,0
-6,0
13,0
2,0
-9,0
-23,0
2,0
14,0
9,0
7,0
-2,0
0,0
-29,0
-2,0
4,0
9,0
-3,0
-20,0
4,0
9,0
-3,0
4,0
-7,0
-1,0
-1,0
12,0
1,0
-2,0
-1,0
-2,0
-2,0
-2,0
-1,0
-1,0
-2,0
0,0
-2,0
-2,0
0,0
-3,0
0,0
0,0
-1,0
-1,0
-1,0
-1,0
0,0
-2,0
-1,0
-1,0
-2,0
0,0
1,0
-2,0
-2,0
-2,0
-2,0
-3,0
-1,0
-1,0
0,0
-1,0
1,0
-2,0
0,0
-2,0
0,0
0,0
0,0
0,0
-3,0
-1,0
0,0
-1,0
-2,0
-2,0
-1,0
0,0
-2,0
-2,0
0,0
-1,0
-1,0
-1,0
-2,0
-1,0
-1,0
-1,0
-2,0
-2,0
-1,0
0,0
-2,0
-1,0
0,0
-1,0
-1,0
-1,0
-1,0
-1,0
0,0
-2,0
-1,0
-1,0
-1,0
-1,0
-2,0
-1,0
-2,0
0,0
-1,0
-2,0
-2,0
1,0
0,0
-1,0
-1,0
-3,0
-1,0
0,0
-1,0
-3,0
-1,0
0,0
0,0
0,0
-1,0
-3,0
-1,0
-1,0
-1,0
-1,0
-2,0
1,0
0,0
-2,0
-1,0
0,0
-1,0
-1,0
-1,0
-3,0
0,0
-1,0
-1,0
-1,0
-2,0
-1,0
-2,0
-1,0
-1,0
0,0
-1,0
0,0
-2,0
-2,0
-1,0
-1,0
-1,0
-1,0
-2,0
-1,0
1,0
-2,0
-1,0
-2,0
-1,0
-1,0
-2,0
-1,0
0,0
0,0
-1,0
-1,0
0,0
-3,0
-2,0
0,0
-3,0
-1,0
-1,0
0,0
1,0
-1,0
0,0
0,0
-1,0
-1,0
-2,0
-1,0
-2,0
0,0
-2,0
-1,0
-1,0
-1,0
0,0
-2,0
0,0
0,0
-1,0
1,0
-1,0
0,0
-1,0
0,0
-2,0
-1,0
-1,0
0,0
-1,0
-2,0
-1,0
-1,0
-2,0
-1,0
0,0
0,0
0,0
-1,0
-1,0
-2,0
-2,0
-1,0
-1,0
0,0
-1,0
-1,0
1,0
-1,0
0,0
-2,0
0,0
1,0
-1,0
0,0
-2,0
-1,0
-1,0
-3,0
-2,0
-1,0
-2,0
0,0
1,0
-1,0
-1,0
-21,0
-29,0
4,0
-7,0
3,0
-8,0
17,0
16,0
-24,0
4,0
-1,0
-3,0
2,0
-2,0
3,0
-3,0
-1,0
-3,0
-3,0
-2,0
4,0
-8,0
-1,0
-5,0
-7,0
-1,0
-7,0
11,0
4,0
8,0
-15,0
-31,0
4,0
6,0
-11,0
-1,0
14,0
-5,0
14,0
-7,0
9,0
4,0
-17,0
6,0
-14,0
-13,0
14,0
-15,0
-2,0
-5,0
25,0
-27,0
-15,0
-19,0
16,0
-11,0
14,0
18,0
26,0
-4,0
-11,0
17,0
20,0
-1,0
-62,0
22,0
-19,0
6,0
-5,0
27,0
-6,0
13,0
-6,0
-4,0
11,0
33,0
-21,0
18,0
-23,0
6,0
-16,0
-16,0
13,0
24,0
19,0
-12,0
4,0
9,0
-45,0
32,0
10,0
-13,0
11,0
-37,0
15,0
-5,0
3,0
-28,0
16,0
-7,0
-32,0
1,0
26,0
-25,0
19,0
21,0
-2,0
2,0
-13,0
-5,0
4,0
14,0
-4,0
14,0
-11,0
-10,0
-3,0
-8,0
-13,0
26,0
-1,0
1,0
2,0
-4,0
-3,0
-25,0
1,0
-19,0
14,0
3,0
7,0
-4,0
-4,0
-23,0
6,0
15,0
7,0
-58,0
15,0
-8,0
22,0
19,0
-20,0
-23,0
-15,0
-34,0
11,0
4,0
-4,0
0,0
-11,0
4,0
13,0
24,0
2,0
-1,0
-30,0
-6,0
-19,0
19,0
21,0
-5,0
6,0
-26,0
40,0
-18,0
0,0
-22,0
-17,0
5,0
19,0
41,0
39,0
27,0
-5,0
27,0
7,0
-54,0
-38,0
-17,0
-24,0
43,0
-4,0
-62,0
1,0
0,0
20,0
-5,0
10,0
-2,0
-9,0
-35,0
40,0
-25,0
-32,0
28,0
15,0
-55,0
14,0
20,0
-26,0
25,0
-53,0
-17,0
2,0
47,0
-68,0
-20,0
51,0
1,0
14,0
-17,0
23,0
32,0
-33,0
-42,0
12,0
-30,0
-27,0
1,0
-6,0
-65,0
37,0
32,0
24,0
-6,0
-6,0
-12,0
5,0
-7,0
-8,0
-12,0
14,0
-8,0
-1,0
-30,0
1,0
-7,0
19,0
20,0
8,0
17,0
24,0
10,0
-36,0
18,0
-26,0
-34,0
1,0
-4,0
-4,0
5,0
-15,0
-2,0
-3,0
4,0
3,0
12,0
6,0
-8,0
-7,0
-22,0
5,0
-4,0
-1,0
14,0
13,0
-32,0
18,0
-11,0
-12,0
6,0
-14,0
13,0
10,0
-2,0
-3,0
-6,0
-7,0
4,0
8,0
8,0
0,0
4,0
8,0
6,0
7,0
-8,0
3,0
-12,0
11,0
-8,0
11,0
-22,0
-21,0
0,0
6,0
-9,0
4,0
4,0
8,0
2,0
8,0
-13,0
-6,0
1,0
-16,0
-3,0
3,0
6,0
7,0
21,0
-18,0
12,0
-6,0
-13,0
-11,0
16,0
4,0
-6,0
-17,0
20,0
-1,0
-9,0
-6,0
4,0
9,0
-6,0
-7,0
2,0
6,0
-3,0
-2,0
-10,0
-21,0
2,0
1,0
9,0
-14,0
-1,0
-8,0
4,0
7,0
-2,0
7,0
8,0
-14,0
1,0
15,0
-7,0
-11,0
-2,0
-18,0
10,0
-1,0
-17,0
40,0
-17,0
3,0
-17,0
-17,0
-16,0
-4,0
-1,0
23,0
15,0
3,0
-24,0
3,0
5,0
-13,0
-12,0
5,0
10,0
-34,0
-6,0
10,0
-3,0
1,0
1,0
-2,0
-7,0
1,0
2,0
-1,0
-2,0
5,0
-5,0
-3,0
-3,0
-2,0
0,0
-3,0
3,0
2,0
-1,0
3,0
2,0
-3,0
4,0
-3,0
-3,0
-2,0
-1,0
-3,0
-2,0
-2,0
-1,0
0,0
-3,0
-1,0
0,0
-2,0
-1,0
-3,0
-1,0
-1,0
0,0
-2,0
0,0
0,0
-2,0
0,0
-1,0
-2,0
-1,0
-2,0
0,0
1,0
-2,0
-3,0
0,0
0,0
-1,0
1,0
-2,0
-1,0
0,0
-2,0
-2,0
-2,0
-2,0
-1,0
-1,0
0,0
1,0
0,0
1,0
-3,0
2,0
-4,0
-1,0
-1,0
-3,0
-2,0
1,0
-2,0
-2,0
-2,0
0,0
-1,0
-1,0
0,0
-1,0
-1,0
0,0
-3,0
-2,0
0,0
0,0
0,0
-1,0
-2,0
-2,0
1,0
-2,0
-2,0
1,0
-2,0
0,0
0,0
-2,0
-2,0
-3,0
-1,0
-1,0
-2,0
-2,0
0,0
1,0
1,0
1,0
-2,0
-2,0
-1,0
1,0
0,0
-1,0
-1,0
-1,0
-2,0
-2,0
-1,0
-2,0
-3,0
0,0
1,0
0,0
1,0
-2,0
0,0
-3,0
-2,0
-2,0
0,0
-1,0
-1,0
-2,0
-1,0
0,0
-1,0
0,0
-1,0
-2,0
-1,0
-1,0
-1,0
0,0
1,0
-2,0
0,0
0,0
-1,0
-2,0
-1,0
-1,0
1,0
-2,0
-2,0
-3,0
-1,0
-2,0
-1,0
0,0
1,0
-2,0
0,0
-2,0
0,0
-1,0
-1,0
-1,0
-1,0
1,0
1,0
0,0
-1,0
-1,0
-2,0
0,0
-1,0
-1,0
-1,0
-1,1
-2,1
-2,1
0,1
-1,1
-2,1
0,1
-1,1
-1,1
-3,1
-2,1
-2,1
0,1
0,1
0,1
-2,1
-2,1
0,1
-1,1
1,1
0,1
-2,1
0,1
-1,1
-2,1
-1,1
-1,1
-2,1
-1,1
-2,1
-2,1
-1,1
0,1
-1,1
-1,1
0,1
0,1
-1,1
-1,1
0,1
-2,1
-2,1
-1,1
-1,1
-1,1
-1,1
-3,1
-3,1
-2,1
-1,1
0,1
-1,1
-1,1
0,1
-2,1
0,1
-2,1
0,1
-1,1
-3,1
0,1
-2,1
1,1
-1,1
-1,1
0,1
-1,1
0,1
-1,1
-2,1
0,1
-1,1
-2,1
-2,1
-2,1
-2,1
-3,1
-1,1
0,1
1,1
1,1
-3,1
-1,1
0,1
-3,1
-1,1
1,1
0,1
0,1
0,1
-2,1
-2,1
0,1
-2,1
-4,1
1,1
-3,1
0,1
-2,1
1,1
-1,1
-1,1
-2,1
-2,1
0,1
0,1
-1,1
-1,1
-3,1
-1,1
1,1
0,1
-3,1
0,1
0,1
-2,1
-2,1
-1,1
-1,1
-1,1
-2,1
1,1
0,1
0,1
2,1
-1,1
-3,1
-2,1
-2,1
-3,1
-3,1
0,1
1,1
-1,1
-1,1
-1,1
-2,1
-1,1
-1,1
-2,1
-1,1
1,1
-2,1
-2,1
-1,1
-1,1
-2,1
0,1
-1,1
-2,1
0,1
-2,1
-1,1
-1,1
-1,1
-2,1
-3,1
-1,1
-1,1
-1,1
-1,1
-2,1
1,1
-1,1
-1,1
-1,1
-2,1
-1,1
-2,1
0,1
-1,1
-3,1
-1,1
1,1
0,1
-3,1
-1,1
0,1
-2,1
0,1
-1,1
0,1
-1,1
-2,1
-1,1
-3,1
1,1
0,1
0,1
-1,1
-1,1
-2,1
-1,1
-1,1
-1,1
0,1
-1,1
-2,1
-18,1
14,1
-17,1
13,1
-7,1
6,1
0,1
-8,1
3,1
-5,1
1,1
-2,1
-5,1
6,1
-4,1
-2,1
-2,1
-5,1
4,1
-7,1
0,1
-1,1
-10,1
-3,1
5,1
-6,1
8,1
3,1
1,1
9,1
1,1
-3,1
0,1
16,1
-16,1
-9,1
4,1
90,1
108,1
1,1
-127,1
17,1
-8,1
11,1
-17,1
-22,1
-6,1
-12,1
2,1
-1,1
7,1
4,1
6,1
1,1
18,1
-4,1
-8,1
14,1
9,1
1,1
-3,1
-3,1
-20,1
11,1
-6,1
2,1
11,1
6,1
4,1
-3,1
-15,1
-1,1
-5,1
7,1
-4,1
-4,1
2,1
-17,1
-2,1
-14,1
5,1
0,1
-8,1
-3,1
7,1
-3,1
4,1
-10,1
10,1
6,1
-5,1
-2,1
-13,1
-8,1
20,1
-15,1
7,1
8,1
4,1
-1,1
8,1
6,1
-6,1
-11,1
0,1
4,1
-9,1
-1,1
6,1
-1,1
-7,1
-6,1
11,1
-10,1
2,1
8,1
-7,1
-8,1
-8,1
-9,1
-1,1
-5,1
9,1
6,1
-12,1
5,1
-2,1
-5,1
3,1
-8,1
4,1
-4,1
6,1
-2,1
-18,1
6,1
9,1
-8,1
3,1
-4,1
-6,1
-4,1
8,1
-2,1
-7,1
6,1
-1,1
-5,1
2,1
-9,1
7,1
-7,1
3,1
-4,1
7,1
5,1
-10,1
0,1
-1,1
-1,1
-6,1
-6,1
5,1
2,1
-4,1
4,1
-6,1
0,1
2,1
5,1
-9,1
-7,1
4,1
-4,1
-1,1
-9,1
3,1
5,1
-3,1
1,1
5,1
-8,1
2,1
-7,1
-1,1
3,1
-4,1
1,1
1,1
11,1
2,1
-9,1
3,1
-5,1
-13,1
11,1
-8,1
2,1
2,1
-1,1
5,1
7,1
-4,1
-12,1
9,1
-5,1
-2,1
4,1
-7,1
1,1
0,1
-4,1
-7,1
-2,1
6,1
-6,1
-9,1
3,1
-5,1
3,1
1,1
-2,1
-2,1
-4,1
6,1
0,1
-3,1
3,1
-2,1
0,1
-8,1
-7,1
4,1
1,1
10,1
5,1
-5,1
15,1
8,1
-11,1
-5,1
8,1
-6,1
1,1
-5,1
1,1
6,1
-7,1
-17,1
7,1
-4,1
-1,1
-7,1
1,1
-11,1
-11,1
5,1
-3,1
-3,1
-5,1
-1,1
6,1
5,1
-3,1
15,1
12,1
-4,1
-6,1
1,1
0,1
-8,1
-13,1
-5,1
-4,1
-6,1
-5,1
1,1
-2,1
4,1
-5,1
-5,1
-2,1
8,1
3,1
-5,1
8,1
-12,1
4,1
-4,1
-1,1
-3,1
-2,1
2,1
-2,1
4,1
-1,1
-5,1
-12,1
3,1
-10,1
9,1
18,1
-2,1
-8,1
-6,1
8,1
11,1
-4,1
-16,1
-16,1
3,1
-4,1
7,1
6,1
-9,1
-8,1
-12,1
7,1
-8,1
5,1
-9,1
6,1
-12,1
-4,1
14,1
2,1
4,1
6,1
4,1
-1,1
-2,1
-3,1
-1,1
0,1
-5,1
1,1
-2,1
0,1
1,1
-1,1
-2,1
-1,1
-1,1
0,1
0,1
-2,1
-1,1
1,1
-1,1
-1,1
-1,1
-1,1
-2,1
-1,1
0,1
-1,1
0,1
-1,1
0,1
-1,1
-2,1
-2,1
1,1
1,1
-2,1
-2,1
-2,1
0,1
-5,1
-1,1
-1,1
-1,1
0,1
-2,1
-2,1
1,1
-1,1
0,1
-1,1
-2,1
1,1
-3,1
0,1
-4,1
-1,1
-1,1
0,1
-2,1
-3,1
1,1
-1,1
0,1
0,1
0,1
-1,1
0,1
-1,1
0,1
-1,1
-2,1
0,1
0,1
-2,1
-2,1
-1,1
-2,1
-1,1
0,1
-2,1
-1,1
-1,1
0,1
-1,1
1,1
-2,1
-3,1
1,1
-1,1
-2,1
1,1
-1,1
-2,1
0,1
-1,1
-2,1
-2,1
-1,1
1,1
-2,1
0,1
1,1
-1,1
-1,1
-2,1
-3,1
0,1
-2,1
-3,1
0,1
0,1
0,1
-1,1
0,1
-1,1
0,1
0,1
0,1
-1,1
-3,1
0,1
-1,1
0,1
-3,1
-2,1
-2,1
-1,1
-3,1
-1,1
0,1
-1,1
-2,1
-1,1
-1,1
0,1
-3,1
0,1
-1,1
-1,1
-1,1
-1,1
0,1
-1,1
1,1
1,1
0,1
0,1
-1,1
-2,1
1,1
-3,1
-1,1
-1,1
-1,1
-1,1
-1,1
-1,1
-1,1
-3,1
2,1
-1,1
-1,1
0,1
-3,1
-1,1
-1,1
0,1
-2,1
-2,1
-1,1
0,1
-3,1
-2,1
0,1
0,1
-1,1
-2,1
-1,1
0,1
-2,1
-2,1
-1,1
-2,1
0,1
-3,1
0,1
-1,1
0,1
-2,1
-1,1
-3,1
-1,1
-1,1
-1,1
-3,1
-1,1
-1,1
0,1
-1,1
-1,1
1,1
-1,1
-3,1
-2,1
0,1
0,1
-2,1
-2,1
-1,1
-2,1
0,1
-1,1
-2,1
1,1
0,1
-2,1
0,1
0,1
-1,1
0,1
-7,1
21,1
-7,1
-3,1
7,1
10,1
-25,1
-14,1
-3,1
-4,1
-6,1
0,1
3,1
0,1
-1,1
-1,1
-7,1
-1,1
-1,1
-1,1
-6,1
-5,1
2,1
-4,1
-3,1
-8,1
5,1
7,1
-3,1
12,1
0,1
-6,1
2,1
4,1
0,1
-15,1
11,1
-1,1
-14,1
53,1
125,1
125,1
-128,1
-7,1
-80,1
-57,1
27,1
-52,1
-16,1
1,1
53,1
-12,1
5,1
-22,1
-8,1
-14,1
29,1
-3,1
8,1
24,1
18,1
-2,1
-10,1
26,1
15,1
-25,1
-39,1
9,1
-29,1
6,1
22,1
-25,1
-1,1
14,1
24,1
7,1
-23,1
-15,1
-15,1
7,1
-17,1
-14,1
-42,1
31,1
8,1
-16,1
-10,1
-11,1
62,1
47,1
20,1
-7,1
35,1
-35,1
-3,1
-10,1
-25,1
20,1
39,1
-1,1
-4,1
5,1
21,1
-36,1
6,1
19,1
27,1
0,1
-4,1
1,1
-4,1
-3,1
35,1
-13,1
24,1
-12,1
2,1
-12,1
4,1
-9,1
13,1
-41,1
2,1
2,1
11,1
42,1
3,1
-19,1
-17,1
-12,1
-5,1
-31,1
0,1
22,1
28,1
-10,1
-4,1
6,1
23,1
-17,1
18,1
-17,1
10,1
-21,1
-8,1
5,1
-30,1
12,1
22,1
10,1
-14,1
-8,1
10,1
-6,1
3,1
-5,1
-6,1
8,1
5,1
-2,1
-7,1
-14,1
-7,1
3,1
-18,1
9,1
2,1
6,1
-4,1
-10,1
-1,1
-3,1
-11,1
3,1
-2,1
3,1
5,1
7,1
9,1
-7,1
-5,1
0,1
1,1
7,1
-6,1
0,1
-6,1
2,1
4,1
4,1
-2,1
-5,1
0,1
3,1
-4,1
0,1
-11,1
4,1
-5,1
8,1
-10,1
-7,1
-5,1
4,1
4,1
-4,1
3,1
5,1
-4,1
-1,1
-1,1
2,1
-1,1
-2,1
-6,1
3,1
-10,1
-1,1
-1,1
-3,1
3,1
-2,1
-1,1
-4,1
-3,1
-4,1
2,1
0,1
4,1
-2,1
-1,1
-3,1
0,1
2,1
2,1
-5,1
0,1
1,1
9,1
2,1
-3,1
-2,1
-5,1
-4,1
2,1
-9,1
-3,1
5,1
-6,1
-11,1
-4,1
0,1
-2,1
-2,1
-5,1
-4,1
9,1
-4,1
-7,1
4,1
-1,1
-8,1
9,1
0,1
4,1
-1,1
-1,1
-3,1
0,1
3,1
7,1
-1,1
-1,1
0,1
-5,1
-5,1
-1,1
4,1
-6,1
1,1
6,1
0,1
-2,1
-7,1
2,1
-7,1
2,1
-2,1
-3,1
-1,1
0,1
4,1
-1,1
-1,1
1,1
0,1
-7,1
1,1
-2,1
-8,1
6,1
-4,1
0,1
0,1
-1,1
0,1
-3,1
-7,1
1,1
-2,1
-2,1
-8,1
-6,1
-5,1
23,1
-2,1
13,1
-4,1
-5,1
-26,1
8,1
7,1
0,1
-2,1
-8,1
9,1
1,1
-9,1
3,1
8,1
2,1
-4,1
-11,1
7,1
-14,1
-5,1
-14,1
-5,1
1,1
-1,1
5,1
-1,1
-4,1
-3,1
1,1
2,1
-1,1
0,1
0,1
1,1
0,1
1,1
-3,1
0,1
1,1
1,1
-3,1
-2,1
-1,1
-3,1
-1,1
-2,1
0,1
2,1
-4,1
-3,1
-1,1
0,1
-2,1
-2,1
0,1
-2,1
0,1
0,1
-1,1
-3,1
-2,1
1,1
-2,1
-2,1
0,1
0,1
-1,1
1,1
1,1
-2,1
-1,1
-1,1
-2,1
-1,1
-1,1
-2,1
-2,1
-1,1
-3,1
1,1
-1,1
-2,1
-1,1
-2,1
-1,1
0,1
-3,1
0,1
-1,1
1,1
0,1
0,1
1,1
-1,1
-2,1
-3,1
0,1
-1,1
-2,1
-1,1
0,1
-1,1
0,1
-1,1
0,1
-1,1
0,1
-2,1
-1,1
-1,1
-1,1
-1,1
0,1
-3,1
0,1
-1,1
0,1
0,1
-3,1
0,1
-3,1
-2,1
1,1
-3,1
1,1
-1,1
-1,1
-1,1
-2,1
0,1
-2,1
-2,1
0,1
-1,1
-1,1
0,1
-1,1
-1,1
-1,1
-2,1
-3,1
-1,1
-1,1
0,1
0,1
-2,1
1,1
-3,1
-2,1
-2,1
-1,1
-1,1
0,1
0,1
-1,1
-1,1
-2,1
0,1
0,1
-1,1
-1,1
-1,1
-2,1
0,1
-1,1
0,1
0,1
0,1
-1,1
-2,1
-3,1
-1,1
0,1
-1,1
-1,1
0,1
-2,1
-1,1
0,1
-1,1
-1,1
0,1
-2,1
0,1
-2,1
-2,1
-1,1
-2,1
0,1
-2,1
0,1
-1,1
-2,1
-1,1
-3,1
-1,1
0,1
-1,1
0,1
-1,1
-1,1
0,1
0,1
-1,1
-2,1
0,1
0,1
-2,1
-2,1
-1,1
-2,1
-2,1
-2,1
-4,1
-1,1
-2,1
-1,1
-2,1
0,1
1,1
-1,1
-2,1
-2,1
-2,1
-1,1
0,1
-1,1
-2,1
0,1
0,1
-1,1
0,1
-1,1
0,1
-3,1
10,1
-7,1
20,1
-20,1
11,1
20,1
-16,1
2,1
-20,1
5,1
-3,1
-6,1
0,1
-4,1
1,1
-3,1
-2,1
0,1
-1,1
0,1
1,1
-1,1
-3,1
4,1
-2,1
-8,1
4,1
13,1
-5,1
-14,1
8,1
-2,1
-7,1
-3,1
-14,1
17,1
0,1
7,1
6,1
21,1
-5,1
28,1
118,1
-128,1
-28,1
-1,1
46,1
-46,1
-7,1
24,1
-22,1
-13,1
11,1
14,1
9,1
-6,1
0,1
4,1
-21,1
8,1
-7,1
20,1
-46,1
13,1
6,1
-9,1
-3,1
64,1
-14,1
-37,1
-31,1
-8,1
29,1
24,1
34,1
-30,1
-6,1
-37,1
27,1
-45,1
-16,1
-9,1
-21,1
53,1
-38,1
14,1
17,1
7,1
13,1
-1,1
19,1
-17,1
-3,1
-29,1
-7,1
-16,1
42,1
6,1
-25,1
10,1
39,1
10,1
-16,1
-24,1
-35,1
6,1
-5,1
-3,1
-10,1
-2,1
7,1
9,1
-4,1
43,1
-8,1
27,1
-23,1
21,1
1,1
2,1
9,1
-23,1
-6,1
-7,1
-5,1
4,1
-6,1
-5,1
-11,1
5,1
12,1
-5,1
4,1
-7,1
-12,1
5,1
7,1
1,1
-4,1
10,1
-6,1
1,1
0,1
4,1
3,1
-8,1
-5,1
-2,1
-10,1
-7,1
5,1
0,1
-1,1
1,1
5,1
-7,1
3,1
11,1
-7,1
2,1
7,1
-14,1
-1,1
3,1
-5,1
3,1
-3,1
-3,1
-8,1
1,1
15,1
-3,1
-5,1
-2,1
-3,1
-8,1
-1,1
5,1
0,1
-1,1
-4,1
-18,1
5,1
3,1
-8,1
0,1
0,1
-1,1
8,1
-4,1
9,1
-6,1
-6,1
11,1
-1,1
-10,1
-3,1
6,1
5,1
-1,1
-6,1
3,1
-16,1
0,1
-3,1
-1,1
-1,1
-2,1
3,1
-6,1
9,1
-1,1
-5,1
-13,1
-5,1
-2,1
8,1
2,1
0,1
3,1
1,1
-14,1
6,1
-3,1
7,1
2,1
0,1
-2,1
3,1
1,1
-9,1
4,1
-7,1
0,1
-2,1
2,1
0,1
-3,1
1,1
-1,1
-9,1
-3,1
0,1
-10,1
8,1
-3,1
-7,1
-10,1
-3,1
0,1
6,1
3,1
-4,1
-1,1
0,1
1,1
2,1
-7,1
3,1
-6,1
-3,1
-1,1
-6,1
1,1
-2,1
1,1
1,1
-2,1
3,1
-6,1
-3,1
1,1
2,1
-3,1
4,1
-2,1
-4,1
1,1
-1,1
0,1
-2,1
5,1
-2,1
-1,1
7,1
-9,1
-4,1
3,1
-1,1
1,1
-2,1
2,1
-2,1
-3,1
0,1
-1,1
-4,1
-5,1
-8,1
1,1
7,1
-23,1
14,1
0,1
-5,1
6,1
-2,1
-2,1
3,1
-5,1
5,1
7,1
-16,1
-2,1
-5,1
7,1
-1,1
-4,1
-2,1
-12,1
5,1
-5,1
2,1
13,1
2,1
-1,1
1,1
-5,1
3,1
2,1
-6,1
7,1
3,1
-4,1
-6,1
0,1
10,1
-5,1
2,1
-1,1
-3,1
0,1
-1,1
-1,1
-5,1
-1,1
0,1
-2,1
5,1
2,1
-2,1
-6,1
-1,1
-1,1
-1,1
3,1
-2,1
0,1
0,1
-2,1
-1,1
-1,1
-2,1
-1,1
-1,1
1,1
-3,1
-1,1
-1,1
-3,1
-1,1
1,1
-1,1
0,1
-1,1
-1,1
0,1
-1,1
0,1
-1,1
-1,1
-2,1
0,1
-1,1
-1,1
-2,1
-1,1
-2,1
-1,1
0,1
0,1
-2,1
0,1
-1,1
0,1
-2,1
0,1
-2,1
-2,1
-2,1
-1,1
0,1
-1,1
-1,1
-2,1
-2,1
-1,1
-1,1
-1,1
-2,1
0,1
-1,1
-1,1
0,1
0,1
-2,1
-2,1
-1,1
-1,1
-1,1
1,1
-1,1
-2,1
0,1
-1,1
-2,1
-2,1
-2,1
-2,1
1,1
-1,1
0,1
-2,1
0,1
-1,1
-2,1
-1,1
-1,1
1,1
0,1
-2,1
0,1
-1,1
-1,1
-1,1
-2,1
-2,1
0,1
-2,1
-2,1
-1,1
1,1
-3,1
-1,1
0,1
-1,1
-1,1
0,1
0,1
-1,1
-3,1
-1,1
0,1
-3,1
-1,1
0,1
-1,1
-2,1
0,1
-2,1
-1,1
0,1
-2,1
-2,1
-2,1
0,1
-1,1
-1,1
-1,1
-2,1
0,1
1,1
-1,1
-1,1
-2,1
-1,1
-1,1
0,1
0,1
-2,1
-1,1
-3,1
-1,1
1,1
-1,1
-1,1
0,1
-1,1
-1,1
-2,1
-4,1
0,1
-1,1
-2,1
0,1
-1,1
-2,1
0,1
-1,1
-1,1
-1,1
-2,1
0,1
-1,1
-1,1
0,1
-4,1
-1,1
-3,1
8,1
-20,1
0,1
-7,1
10,1
-8,1
19,1
9,1
-19,1
8,1
-5,1
1,1
-2,1
-4,1
1,1
0,1
-3,1
-4,1
-5,1
2,1
-2,1
2,1
-2,1
2,1
-6,1
0,1
4,1
-10,1
-16,1
14,1
1,1
-13,1
0,1
1,1
14,1
12,1
20,1
-29,1
-12,1
123,1
100,1
-79,1
-86,1
-3,1
76,1
-56,1
-46,1
-84,1
71,1
-6,1
37,1
41,1
28,1
60,1
-11,1
-4,1
-5,1
25,1
22,1
-42,1
4,1
-7,1
29,1
-8,1
-7,1
-15,1
-26,1
16,1
-43,1
8,1
9,1
-11,1
25,1
-17,1
-30,1
-16,1
-6,1
12,1
-28,1
20,1
-18,1
-22,1
-16,1
-42,1
0,1
-12,1
-4,1
37,1
23,1
-2,1
1,1
8,1
-22,1
-2,1
14,1
18,1
-16,1
-55,1
-35,1
31,1
-22,1
2,1
-13,1
-6,1
-11,1
29,1
8,1
-34,1
-2,1
-5,1
10,1
-10,1
-13,1
9,1
19,1
6,1
9,1
-29,1
25,1
4,1
-38,1
-6,1
-6,1
-14,1
7,1
-14,1
16,1
-26,1
21,1
15,1
11,1
-9,1
-11,1
19,1
-22,1
-11,1
5,1
4,1
4,1
-26,1
-3,1
8,1
8,1
-2,1
24,1
-7,1
5,1
5,1
6,1
15,1
9,1
-3,1
-15,1
3,1
-7,1
-13,1
10,1
11,1
-6,1
6,1
-3,1
-12,1
-9,1
-5,1
5,1
-3,1
-8,1
9,1
4,1
-4,1
-4,1
-2,1
7,1
-8,1
0,1
-1,1
-2,1
-11,1
-5,1
1,1
-2,1
2,1
4,1
2,1
-4,1
3,1
-2,1
-6,1
0,1
-19,1
-5,1
1,1
10,1
-8,1
-9,1
-2,1
0,1
6,1
-1,1
-3,1
-14,1
-1,1
6,1
14,1
-10,1
3,1
-5,1
-7,1
2,1
-6,1
0,1
1,1
-5,1
-8,1
2,1
6,1
4,1
-3,1
-3,1
8,1
-1,1
2,1
8,1
-2,1
-3,1
-6,1
12,1
-1,1
-8,1
-8,1
-8,1
8,1
-2,1
-9,1
-5,1
4,1
0,1
-3,1
0,1
-1,1
-1,1
6,1
-4,1
0,1
2,1
6,1
4,1
-2,1
3,1
-1,1
-10,1
-5,1
4,1
0,1
2,1
0,1
-6,1
-1,1
-5,1
5,1
-9,1
-4,1
0,1
0,1
5,1
-16,1
-4,1
7,1
-5,1
-1,1
-4,1
4,1
-16,1
7,1
-8,1
-8,1
3,1
-1,1
-3,1
9,1
-10,1
3,1
-1,1
2,1
-9,1
1,1
-7,1
-3,1
-2,1
3,1
-5,1
2,1
1,1
3,1
7,1
-1,1
4,1
-13,1
-10,1
5,1
0,1
10,1
3,1
3,1
7,1
-3,1
2,1
7,1
-16,1
-7,1
12,1
-6,1
-3,1
-7,1
-5,1
-6,1
6,1
-3,1
2,1
0,1
-14,1
8,1
-10,1
4,1
-13,1
3,1
0,1
5,1
1,1
2,1
5,1
-3,1
-2,1
-6,1
-6,1
-3,1
3,1
0,1
-6,1
-2,1
-6,1
8,1
-5,1
-1,1
-8,1
-6,1
0,1
1,1
-5,1
-4,1
-4,1
35,1
17,1
-18,1
-14,1
17,1
-4,1
-11,1
2,1
-6,1
-5,1
-4,1
-5,1
-2,1
-21,1
7,1
-1,1
5,1
9,1
-10,1
-4,1
-5,1
3,1
-6,1
-1,1
-1,1
0,1
1,1
-4,1
-2,1
7,1
-5,1
0,1
-5,1
-3,1
-4,1
-1,1
3,1
-1,1
8,1
-4,1
-2,1
-2,1
-8,1
0,1
1,1
-2,1
0,1
-1,1
0,1
-2,1
-1,1
0,1
-1,1
0,1
0,1
-2,1
-2,1
-1,1
0,1
-2,1
0,1
-3,1
-1,1
-1,1
-1,1
-2,1
-2,1
0,1
0,1
-1,1
-1,1
-1,1
-3,1
0,1
-1,1
-1,1
-1,1
-2,1
-1,1
-1,1
0,1
-1,1
-1,1
-1,1
-1,1
-2,1
-2,1
0,1
-2,1
-1,1
-1,1
-1,1
1,1
-1,1
0,1
-3,1
-1,1
-2,1
-1,1
-1,1
-2,1
-2,1
-1,1
-1,1
1,1
-1,1
-1,1
1,1
-1,1
-1,1
-1,1
-1,1
0,1
-1,1
-2,1
-3,1
-3,1
0,1
-1,1
0,1
-2,1
-2,1
1,1
-1,1
-1,1
0,1
0,1
-2,1
0,1
-1,1
-1,1
-1,1
0,1
0,1
-2,1
-1,1
-1,1
-1,1
-1,1
0,1
0,1
-1,1
-2,1
-1,1
0,1
-3,1
0,1
-2,1
-1,1
0,1
-1,1
-2,1
-2,1
0,1
-1,1
-3,1
1,1
-1,1
1,1
-2,1
-1,1
0,1
0,1
-1,1
-1,1
-1,1
-3,1
-1,1
-2,1
-1,1
-1,1
0,1
0,1
-2,1
2,1
-1,1
-3,1
-1,1
-1,1
-2,1
-1,1
0,1
-1,1
-1,1
1,1
-1,1
-1,1
-2,1
-1,1
-1,1
-1,1
-2,1
-1,1
-1,1
-1,1
0,1
0,1
0,1
0,1
0,1
-3,1
-3,1
0,1
-1,1
-3,1
0,1
-1,1
-2,1
1,1
-2,1
-3,1
-1,1
-1,1
-1,1
0,1
-2,1
-1,1
-1,1
-2,1
0,1
0,1
-2,1
-1,1
-1,1
-3,1
-15,1
-11,1
6,1
9,1
-20,1
6,1
-9,1
-1,1
1,1
-6,1
2,1
0,1
1,1
-3,1
0,1
-2,1
-2,1
-2,1
-1,1
-3,1
-5,1
0,1
-1,1
0,1
-7,1
9,1
4,1
-13,1
-4,1
5,1
11,1
7,1
127,1
-111,1
-128,1
-79,1
58,1
29,1
6,1
2,1
11,1
2,1
6,1
-22,1
5,1
-27,1
-36,1
24,1
15,1
-14,1
-17,1
12,1
7,1
43,1
7,1
-15,1
8,1
-27,1
-18,1
-7,1
-4,1
-6,1
34,1
-35,1
13,1
-33,1
-16,1
14,1
-11,1
-11,1
-42,1
8,1
26,1
-3,1
17,1
-26,1
26,1
15,1
-22,1
-7,1
1,1
-36,1
32,1
-6,1
-43,1
51,1
-9,1
4,1
1,1
-11,1
-18,1
-22,1
24,1
-2,1
4,1
-11,1
-26,1
17,1
-19,1
-23,1
-24,1
6,1
6,1
4,1
2,1
-2,1
4,1
-38,1
-12,1
-6,1
12,1
-22,1
8,1
5,1
7,1
16,1
-16,1
9,1
28,1
-2,1
-19,1
-21,1
-3,1
3,1
-26,1
19,1
-5,1
-12,1
24,1
-10,1
15,1
-16,1
-12,1
-12,1
23,1
-17,1
-16,1
28,1
-17,1
-12,1
8,1
-6,1
-10,1
2,1
-11,1
3,1
-10,1
22,1
8,1
-44,1
13,1
13,1
-27,1
-12,1
-4,1
-30,1
18,1
3,1
-4,1
-13,1
16,1
-11,1
-30,1
-18,1
12,1
41,1
-14,1
-26,1
16,1
-35,1
-21,1
9,1
-6,1
-10,1
8,1
-5,1
-12,1
-9,1
37,1
21,1
-6,1
4,1
23,1
-23,1
0,1
-16,1
-14,1
15,1
3,1
-3,1
-13,1
-4,1
-3,1
0,1
-41,1
17,1
3,1
-22,1
-15,1
13,1
9,1
-6,1
-23,1
-8,1
7,1
15,1
-12,1
13,1
11,1
-4,1
-1,1
0,1
6,1
7,1
5,1
-10,1
0,1
-6,1
-2,1
-18,1
4,1
-18,1
-13,1
-12,1
0,1
-16,1
0,1
-5,1
9,1
16,1
-23,1
0,1
6,1
-9,1
17,1
-15,1
-4,1
-7,1
-4,1
11,1
6,1
-9,1
0,1
-7,1
-8,1
0,1
1,1
-2,1
5,1
-6,1
16,1
-22,1
2,1
11,1
4,1
-9,1
5,1
-6,1
2,1
0,1
-10,1
6,1
-9,1
4,1
-2,1
-5,1
-2,1
4,1
-11,1
9,1
-2,1
-6,1
-2,1
-4,1
-2,1
-2,1
-3,1
-6,1
10,1
15,1
1,1
20,1
15,1
-50,1
-4,1
-4,1
16,1
-6,1
-4,1
5,1
-6,1
-4,1
5,1
11,1
-5,1
-1,1
-7,1
-2,1
-7,1
6,1
-2,1
-1,1
-4,1
1,1
3,1
-2,1
-10,1
2,1
-2,1
0,1
-5,1
-1,1
-2,1
-4,1
4,1
8,1
-3,1
-2,1
0,1
0,1
5,1
1,1
5,1
-7,1
-1,1
1,1
-2,1
-2,1
-2,1
-1,1
-2,1
-2,1
-1,1
-3,1
-1,1
-2,1
-2,1
-2,1
0,1
-1,1
0,1
0,1
-1,1
0,1
-2,1
-2,1
-1,1
-1,1
0,1
-5,1
-1,1
0,1
0,1
0,1
-1,1
-1,1
-2,1
0,1
-2,1
-2,1
-1,1
-1,1
-3,1
1,1
-1,1
0,1
-3,1
-1,1
1,1
0,1
-4,1
-1,1
1,1
-3,1
0,1
-1,1
1,1
-1,1
0,1
-1,1
-2,1
-1,1
-1,1
-1,1
-4,1
-1,1
-2,1
-2,1
-2,1
-2,1
0,1
2,1
-2,1
1,1
-1,1
-2,1
-1,1
0,1
-2,1
-2,1
0,1
-2,1
0,1
0,1
1,1
-2,1
-1,1
-3,1
-1,1
0,1
-1,1
-2,1
-2,1
0,1
-2,1
-3,1
0,1
-1,1
0,1
0,1
0,1
0,1
-2,1
-1,1
0,1
0,1
-1,1
-1,1
-1,1
-1,1
-1,1
-2,1
-2,1
-1,1
-1,1
-3,1
-2,1
-2,1
0,1
-1,1
-1,1
-2,1
0,1
0,1
-1,1
-2,1
-1,1
-1,1
-2,1
0,1
0,1
1,1
-1,1
-2,1
-1,1
0,1
-2,1
-1,1
-1,1
0,1
0,1
-2,1
-1,1
-1,1
-2,1
0,1
-2,1
0,1
-1,1
-3,1
-1,1
0,1
-1,1
-3,1
-1,1
-1,1
-1,1
-2,1
-2,1
-2,1
0,1
-1,1
-1,1
-3,1
1,1
-5,1
-2,1
0,1
3,1
-1,1
-1,1
-1,1
-1,1
0,1
0,1
0,1
-2,1
0,1
-4,1
-1,1
-1,1
1,1
-1,1
-2,1
-1,1
-1,1
-2,1
-2,1
-1,1
0,1
-4,1
-1,1
-2,1
0,1
0,1
-2,1
0,1
1,1
-1,1
-2,1
-3,1
-1,1
-1,1
-1,1
-1,1
0,1
-2,1
-2,1
0,1
-3,1
-2,2
-2,2
-2,2
0,2
-3,2
-3,2
-1,2
-3,2
2,2
1,2
0,2
0,2
-2,2
-1,2
-2,2
0,2
-1,2
-2,2
-3,2
0,2
-2,2
-1,2
-4,2
-1,2
0,2
-3,2
-1,2
0,2
-1,2
0,2
0,2
-3,2
0,2
0,2
-1,2
-3,2
0,2
-1,2
0,2
0,2
0,2
1,2
-2,2
-1,2
-4,2
-2,2
-1,2
-1,2
-2,2
-2,2
-2,2
-1,2
0,2
-1,2
-1,2
-1,2
-1,2
-1,2
-1,2
0,2
-1,2
0,2
-2,2
1,2
-1,2
-1,2
-1,2
-2,2
-1,2
-2,2
-1,2
0,2
-1,2
-2,2
-1,2
-2,2
-1,2
-1,2
-1,2
0,2
-1,2
-1,2
-3,2
0,2
-2,2
0,2
0,2
1,2
-4,2
0,2
-3,2
-2,2
0,2
-1,2
0,2
0,2
-1,2
0,2
-2,2
0,2
0,2
-2,2
0,2
-2,2
-1,2
-1,2
-2,2
-1,2
2,2
-1,2
-1,2
1,2
0,2
-2,2
-1,2
0,2
1,2
0,2
-2,2
-2,2
0,2
-4,2
0,2
-2,2
-1,2
0,2
-1,2
1,2
1,2
-2,2
0,2
-1,2
-2,2
-1,2
-1,2
1,2
-3,2
-1,2
-1,2
-1,2
-3,2
0,2
-2,2
0,2
-1,2
-2,2
0,2
-2,2
1,2
-3,2
0,2
-1,2
0,2
0,2
-2,2
-1,2
-1,2
-1,2
-3,2
-3,2
-3,2
1,2
0,2
-1,2
-1,2
0,2
2,2
-3,2
-2,2
-2,2
-2,2
-1,2
-3,2
0,2
-1,2
-1,2
-2,2
-3,2
0,2
-3,2
2,2
1,2
1,2
0,2
-2,2
-1,2
-1,2
-1,2
1,2
-1,2
-1,2
-2,2
1,2
-2,2
-1,2
-1,2
0,2
-3,2
-1,2
-1,2
-3,2
0,2
-1,2
0,2
0,2
-1,2
1,2
-2,2
-1,2
0,2
-2,2
-1,2
0,2
1,2
-2,2
-2,2
0,2
-2,2
-2,2
5,2
-14,2
4,2
-10,2
38,2
-5,2
-50,2
7,2
-28,2
32,2
-53,2
72,2
0,2
20,2
-4,2
-19,2
7,2
5,2
0,2
20,2
13,2
-2,2
-17,2
10,2
-8,2
-9,2
18,2
-8,2
-13,2
-3,2
-7,2
11,2
-4,2
-1,2
22,2
-16,2
4,2
-28,2
-2,2
-11,2
4,2
-1,2
-6,2
-1,2
21,2
22,2
-12,2
-9,2
-5,2
13,2
8,2
-9,2
1,2
-3,2
-5,2
-12,2
13,2
6,2
2,2
-1,2
-30,2
5,2
-8,2
12,2
11,2
7,2
-14,2
-9,2
-3,2
19,2
-19,2
5,2
-2,2
-3,2
-8,2
28,2
-1,2
-16,2
5,2
0,2
1,2
-3,2
-2,2
-3,2
11,2
14,2
-10,2
-19,2
-10,2
0,2
8,2
-16,2
-11,2
5,2
19,2
-3,2
-15,2
-16,2
5,2
-4,2
-12,2
8,2
2,2
-14,2
-3,2
6,2
-4,2
1,2
6,2
-2,2
-4,2
4,2
0,2
-3,2
-9,2
3,2
-9,2
2,2
3,2
7,2
8,2
-6,2
-15,2
-4,2
-4,2
-1,2
-2,2
2,2
-8,2
1,2
5,2
5,2
0,2
4,2
3,2
3,2
6,2
-3,2
-7,2
-5,2
-2,2
-2,2
5,2
-10,2
-1,2
3,2
-5,2
5,2
9,2
-4,2
-18,2
1,2
-1,2
-8,2
-1,2
10,2
-5,2
3,2
2,2
-1,2
-14,2
-2,2
7,2
1,2
-2,2
-7,2
3,2
-3,2
2,2
3,2
-14,2
1,2
-1,2
-13,2
7,2
8,2
3,2
-2,2
0,2
-1,2
-1,2
-1,2
-8,2
-8,2
8,2
-1,2
-3,2
5,2
-8,2
0,2
3,2
-1,2
1,2
-4,2
2,2
2,2
-5,2
7,2
-12,2
4,2
4,2
-5,2
-2,2
6,2
4,2
-1,2
-8,2
-2,2
3,2
3,2
0,2
-4,2
-4,2
4,2
-1,2
4,2
4,2
-2,2
-4,2
-2,2
-9,2
2,2
-11,2
3,2
7,2
-5,2
-5,2
0,2
-1,2
7,2
3,2
-8,2
4,2
-6,2
3,2
-10,2
3,2
12,2
-8,2
4,2
-10,2
1,2
9,2
-5,2
1,2
-6,2
-2,2
0,2
-8,2
-4,2
2,2
4,2
-4,2
4,2
-1,2
-7,2
5,2
-3,2
6,2
0,2
0,2
10,2
-7,2
1,2
-6,2
-9,2
-1,2
-5,2
-3,2
-2,2
4,2
-3,2
-3,2
-8,2
-5,2
3,2
-2,2
12,2
-4,2
5,2
1,2
0,2
2,2
-3,2
-1,2
1,2
-3,2
-5,2
-2,2
-1,2
-5,2
-7,2
3,2
-2,2
3,2
-1,2
-5,2
-9,2
8,2
-3,2
-1,2
-2,2
1,2
-1,2
-1,2
5,2
1,2
0,2
0,2
-4,2
-2,2
-4,2
-3,2
-9,2
0,2
6,2
2,2
0,2
-2,2
0,2
-1,2
0,2
1,2
-5,2
-1,2
1,2
1,2
1,2
-2,2
-1,2
-3,2
-1,2
-1,2
0,2
0,2
-2,2
-1,2
1,2
-2,2
-1,2
-2,2
-1,2
-1,2
0,2
-1,2
-1,2
0,2
0,2
1,2
-1,2
0,2
-1,2
-1,2
-3,2
-2,2
0,2
0,2
-3,2
-2,2
-1,2
-1,2
-1,2
-1,2
-1,2
-1,2
0,2
-1,2
-1,2
-5,2
0,2
-3,2
0,2
-2,2
1,2
-2,2
1,2
-2,2
1,2
-1,2
0,2
-3,2
0,2
0,2
2,2
-1,2
-1,2
-1,2
0,2
-3,2
-2,2
-1,2
0,2
-2,2
2,2
-2,2
-2,2
-1,2
-3,2
-2,2
-2,2
-4,2
-1,2
-1,2
-2,2
-2,2
-1,2
0,2
-3,2
-1,2
-1,2
-1,2
-3,2
-2,2
-1,2
0,2
-2,2
0,2
-1,2
-1,2
-1,2
-1,2
-1,2
-3,2
-3,2
-1,2
1,2
-1,2
0,2
-2,2
-1,2
1,2
-2,2
-2,2
-1,2
-1,2
-1,2
-1,2
-1,2
-1,2
0,2
0,2
-1,2
0,2
-2,2
0,2
-1,2
-1,2
-1,2
0,2
-2,2
-3,2
0,2
-3,2
0,2
-3,2
-1,2
-4,2
-2,2
0,2
-1,2
-1,2
-1,2
0,2
0,2
-1,2
-2,2
0,2
0,2
-7,2
6,2
-6,2
16,2
-18,2
-1,2
-15,2
-17,2
13,2
11,2
-22,2
25,2
23,2
-14,2
14,2
8,2
-22,2
4,2
-9,2
-7,2
0,2
0,2
-1,2
6,2
4,2
-9,2
11,2
-9,2
2,2
-17,2
-3,2
-16,2
-17,2
-16,2
3,2
-4,2
8,2
5,2
-3,2
-5,2
-2,2
5,2
-13,2
-4,2
-21,2
-2,2
-24,2
6,2
15,2
-4,2
0,2
0,2
11,2
-27,2
14,2
-16,2
-25,2
-2,2
9,2
17,2
13,2
7,2
-8,2
9,2
-4,2
0,2
-19,2
-10,2
-3,2
11,2
-10,2
-7,2
-7,2
-1,2
7,2
2,2
13,2
-2,2
4,2
2,2
5,2
5,2
-5,2
-19,2
-1,2
-10,2
-5,2
-11,2
-2,2
4,2
-9,2
14,2
3,2
-4,2
-1,2
1,2
0,2
-10,2
-4,2
-26,2
9,2
-1,2
0,2
3,2
9,2
-10,2
-6,2
27,2
-17,2
-9,2
-4,2
-15,2
-7,2
3,2
5,2
3,2
-2,2
1,2
-5,2
4,2
9,2
5,2
-6,2
-5,2
-10,2
7,2
-18,2
5,2
-6,2
-5,2
10,2
-3,2
-6,2
8,2
-1,2
9,2
-10,2
-10,2
-7,2
1,2
16,2
-3,2
12,2
8,2
-2,2
-5,2
5,2
0,2
-10,2
-22,2
-15,2
8,2
6,2
-6,2
15,2
4,2
-9,2
2,2
-2,2
-17,2
11,2
0,2
-2,2
-4,2
-13,2
15,2
-8,2
7,2
6,2
0,2
-13,2
3,2
-7,2
-3,2
-6,2
-4,2
7,2
3,2
4,2
2,2
4,2
-2,2
7,2
3,2
-5,2
-5,2
1,2
-21,2
1,2
0,2
-4,2
4,2
-2,2
-5,2
0,2
-11,2
-5,2
-2,2
-11,2
-6,2
5,2
0,2
-5,2
0,2
-3,2
6,2
-12,2
-10,2
6,2
2,2
9,2
-18,2
3,2
-9,2
0,2
-7,2
-1,2
-6,2
-4,2
-5,2
5,2
-2,2
3,2
-4,2
-4,2
1,2
2,2
3,2
-8,2
-4,2
-10,2
8,2
7,2
-13,2
-8,2
1,2
2,2
7,2
3,2
-10,2
6,2
-3,2
1,2
-4,2
-3,2
-18,2
-12,2
6,2
-2,2
-2,2
2,2
-4,2
-4,2
3,2
-3,2
1,2
4,2
-5,2
-2,2
3,2
3,2
-8,2
-8,2
-5,2
2,2
2,2
4,2
1,2
1,2
2,2
9,2
-16,2
-7,2
-6,2
8,2
-1,2
-1,2
1,2
-6,2
1,2
-3,2
10,2
-2,2
-10,2
-6,2
2,2
-2,2
-1,2
-7,2
-6,2
-2,2
7,2
6,2
2,2
2,2
5,2
-10,2
6,2
-4,2
9,2
3,2
11,2
-12,2
-5,2
-7,2
-4,2
-6,2
6,2
-5,2
-5,2
5,2
9,2
-11,2
-1,2
7,2
-1,2
1,2
5,2
1,2
-3,2
1,2
4,2
-10,2
9,2
-3,2
7,2
9,2
-10,2
6,2
-5,2
2,2
-6,2
0,2
3,2
-11,2
0,2
1,2
1,2
-10,2
3,2
2,2
-8,2
-3,2
5,2
4,2
-6,2
0,2
-8,2
4,2
-1,2
5,2
-4,2
-3,2
-1,2
5,2
-19,2
-7,2
-5,2
-1,2
-1,2
1,2
-2,2
1,2
0,2
-5,2
-1,2
0,2
1,2
1,2
-1,2
-1,2
-1,2
0,2
-1,2
-1,2
-2,2
-1,2
2,2
4,2
-2,2
2,2
-2,2
-2,2
-2,2
-3,2
-2,2
-3,2
0,2
0,2
-2,2
1,2
-1,2
1,2
-2,2
-1,2
-1,2
-2,2
-1,2
-2,2
1,2
0,2
-2,2
-1,2
-2,2
1,2
-2,2
1,2
-3,2
0,2
-1,2
1,2
-1,2
-1,2
-1,2
0,2
-1,2
-1,2
-1,2
-1,2
-1,2
0,2
-2,2
1,2
-1,2
-1,2
-1,2
-2,2
0,2
-2,2
0,2
0,2
0,2
-1,2
0,2
0,2
-2,2
-1,2
-1,2
-1,2
0,2
1,2
-3,2
-1,2
-1,2
-2,2
0,2
-1,2
-1,2
-2,2
-1,2
-1,2
-1,2
0,2
0,2
-2,2
-1,2
-1,2
-2,2
-1,2
0,2
0,2
-2,2
-1,2
-1,2
-2,2
0,2
-1,2
-1,2
-3,2
0,2
-1,2
-1,2
1,2
0,2
0,2
-1,2
-2,2
-1,2
-2,2
-2,2
0,2
-1,2
1,2
-1,2
-1,2
-1,2
-1,2
-1,2
-2,2
-1,2
-2,2
0,2
1,2
-3,2
-2,2
1,2
0,2
-1,2
-3,2
0,2
-2,2
-1,2
-3,2
0,2
-1,2
-2,2
-3,2
0,2
0,2
0,2
-1,2
1,2
-1,2
-1,2
-1,2
-2,2
-1,2
0,2
-2,2
-1,2
-1,2
-1,2
0,2
-2,2
-2,2
-1,2
-1,2
-1,2
-2,2
0,2
-2,2
0,2
-1,2
0,2
-1,2
0,2
-1,2
-2,2
-1,2
-2,2
-1,2
-1,2
0,2
-1,2
-1,2
-1,2
1,2
-1,2
0,2
-2,2
-2,2
-2,2
-2,2
-2,2
0,2
-2,2
-2,2
-2,2
0,2
-3,2
-2,2
-2,2
1,2
0,2
-1,2
-2,2
7,2
-17,2
2,2
-2,2
9,2
-41,2
-31,2
-22,2
19,2
13,2
-3,2
-29,2
7,2
20,2
-46,2
5,2
22,2
24,2
4,2
-5,2
6,2
5,2
-2,2
8,2
1,2
-3,2
15,2
-7,2
5,2
2,2
8,2
24,2
8,2
-21,2
-19,2
9,2
-9,2
-10,2
-10,2
12,2
-4,2
9,2
5,2
-8,2
-8,2
-23,2
7,2
-9,2
8,2
14,2
13,2
9,2
-24,2
-9,2
-7,2
24,2
8,2
1,2
-19,2
-10,2
-24,2
8,2
-17,2
6,2
11,2
-4,2
5,2
-22,2
8,2
14,2
1,2
-20,2
5,2
-14,2
2,2
-6,2
0,2
-9,2
3,2
6,2
-7,2
-6,2
17,2
1,2
21,2
-14,2
1,2
24,2
4,2
-3,2
-12,2
-1,2
-4,2
-3,2
4,2
-1,2
10,2
-4,2
-8,2
-5,2
-5,2
-13,2
-3,2
-7,2
1,2
-6,2
0,2
3,2
-3,2
-1,2
-10,2
2,2
-1,2
-2,2
-3,2
-7,2
8,2
-6,2
7,2
-3,2
8,2
-9,2
6,2
-3,2
-10,2
-8,2
15,2
1,2
2,2
-10,2
-8,2
6,2
-2,2
-1,2
2,2
-11,2
-4,2
-3,2
5,2
1,2
-13,2
11,2
-1,2
8,2
-16,2
11,2
12,2
-8,2
-9,2
-2,2
8,2
-1,2
-1,2
-1,2
7,2
15,2
-7,2
-1,2
1,2
0,2
-1,2
-11,2
-9,2
14,2
2,2
-6,2
13,2
5,2
-4,2
-7,2
-12,2
1,2
-6,2
-1,2
5,2
-3,2
-2,2
2,2
-7,2
11,2
5,2
5,2
0,2
-7,2
2,2
2,2
-7,2
5,2
-4,2
-4,2
-4,2
1,2
-3,2
0,2
-5,2
-10,2
6,2
-8,2
6,2
0,2
4,2
8,2
-4,2
-6,2
4,2
-1,2
-11,2
0,2
-2,2
2,2
-3,2
3,2
2,2
-3,2
-4,2
5,2
1,2
-1,2
-5,2
-2,2
-1,2
-13,2
-9,2
13,2
-2,2
-1,2
-3,2
-8,2
6,2
-2,2
-7,2
3,2
-1,2
17,2
-5,2
-1,2
9,2
-13,2
0,2
-2,2
14,2
4,2
-7,2
4,2
-14,2
10,2
2,2
-5,2
-17,2
0,2
1,2
9,2
-1,2
-8,2
9,2
-7,2
-2,2
0,2
-8,2
-8,2
-3,2
-2,2
5,2
-3,2
-5,2
-2,2
11,2
-1,2
-6,2
-6,2
6,2
-6,2
1,2
0,2
1,2
-2,2
5,2
-1,2
0,2
1,2
10,2
-6,2
3,2
0,2
4,2
-15,2
6,2
0,2
4,2
-7,2
10,2
-8,2
4,2
-7,2
11,2
-1,2
2,2
-16,2
6,2
2,2
5,2
3,2
-10,2
-6,2
7,2
-1,2
2,2
-5,2
0,2
-7,2
-3,2
0,2
0,2
-3,2
4,2
4,2
-1,2
3,2
1,2
-1,2
-5,2
-1,2
-4,2
-1,2
4,2
3,2
2,2
-5,2
-2,2
-5,2
-3,2
1,2
0,2
-2,2
-2,2
1,2
0,2
0,2
-1,2
0,2
-1,2
-2,2
-3,2
-2,2
-1,2
-1,2
-2,2
-1,2
-2,2
0,2
-2,2
-1,2
1,2
-1,2
0,2
0,2
0,2
-1,2
0,2
0,2
-1,2
-2,2
-1,2
-2,2
-1,2
0,2
-1,2
-2,2
-1,2
0,2
-3,2
-3,2
-2,2
1,2
0,2
-1,2
-1,2
-1,2
0,2
-1,2
-1,2
-1,2
-1,2
0,2
-2,2
0,2
-3,2
-1,2
0,2
-1,2
-2,2
-1,2
-2,2
-2,2
-1,2
-2,2
-2,2
0,2
-2,2
-2,2
-1,2
-1,2
-3,2
-2,2
0,2
1,2
-2,2
-1,2
0,2
-1,2
-1,2
-2,2
1,2
-1,2
0,2
-1,2
-1,2
-2,2
-1,2
0,2
-2,2
-2,2
0,2
0,2
0,2
-2,2
-1,2
-1,2
-1,2
-3,2
-1,2
0,2
-2,2
-2,2
-1,2
0,2
-1,2
0,2
0,2
0,2
0,2
-1,2
-1,2
-1,2
-2,2
-1,2
1,2
-1,2
-3,2
0,2
-3,2
-2,2
-2,2
0,2
-1,2
0,2
1,2
-1,2
-3,2
-2,2
0,2
-3,2
0,2
0,2
-2,2
1,2
-1,2
-2,2
-1,2
0,2
-2,2
0,2
0,2
-3,2
0,2
-3,2
-2,2
-1,2
1,2
-1,2
-1,2
-2,2
-2,2
1,2
-1,2
-2,2
-1,2
0,2
-1,2
-1,2
-1,2
0,2
-1,2
-2,2
0,2
-1,2
-1,2
-2,2
0,2
-3,2
-2,2
-1,2
0,2
0,2
-3,2
0,2
-1,2
-1,2
-2,2
-1,2
2,2
-7,2
0,2
0,2
-12,2
43,2
-43,2
-52,2
3,2
-25,2
50,2
38,2
-6,2
39,2
14,2
12,2
-10,2
6,2
-16,2
2,2
3,2
-4,2
-10,2
-10,2
1,2
-18,2
-5,2
-1,2
-7,2
-5,2
-3,2
2,2
18,2
-4,2
17,2
7,2
1,2
2,2
-7,2
-7,2
7,2
3,2
8,2
-9,2
-9,2
3,2
12,2
18,2
-20,2
20,2
-7,2
-3,2
-2,2
2,2
-12,2
5,2
-2,2
7,2
-14,2
10,2
6,2
2,2
-7,2
-5,2
-10,2
-17,2
-10,2
1,2
7,2
-21,2
-23,2
9,2
7,2
0,2
9,2
5,2
-11,2
1,2
11,2
-1,2
1,2
11,2
10,2
-6,2
-15,2
-1,2
0,2
-6,2
4,2
-12,2
-2,2
3,2
10,2
-3,2
-16,2
11,2
-11,2
-5,2
-4,2
-5,2
0,2
-5,2
10,2
9,2
-14,2
8,2
3,2
-10,2
5,2
2,2
-16,2
13,2
9,2
1,2
-10,2
-10,2
6,2
-4,2
2,2
1,2
9,2
-8,2
-5,2
-3,2
-3,2
-7,2
-12,2
-1,2
9,2
0,2
1,2
-10,2
-7,2
1,2
0,2
-1,2
6,2
8,2
-6,2
8,2
-1,2
-2,2
10,2
-13,2
-5,2
-3,2
-3,2
-2,2
5,2
-5,2
1,2
-1,2
11,2
-3,2
-2,2
3,2
-6,2
0,2
-2,2
-12,2
7,2
-3,2
-3,2
8,2
-9,2
-4,2
2,2
-5,2
4,2
0,2
-2,2
-1,2
0,2
-8,2
5,2
-8,2
3,2
0,2
-1,2
2,2
-8,2
8,2
-1,2
-1,2
-1,2
2,2
0,2
-6,2
0,2
1,2
3,2
8,2
-4,2
0,2
-3,2
-1,2
-4,2
-3,2
-7,2
6,2
-11,2
10,2
15,2
8,2
-12,2
5,2
-1,2
-6,2
0,2
-4,2
2,2
7,2
-10,2
-2,2
-4,2
-3,2
3,2
4,2
2,2
-2,2
5,2
-4,2
6,2
7,2
-7,2
-1,2
-1,2
4,2
-3,2
-1,2
-13,2
7,2
-2,2
0,2
-1,2
-4,2
1,2
-8,2
9,2
5,2
-3,2
-8,2
4,2
0,2
-3,2
7,2
-1,2
-2,2
-3,2
-22,2
1,2
-8,2
3,2
-3,2
2,2
3,2
-7,2
-1,2
7,2
3,2
0,2
2,2
-12,2
3,2
5,2
-2,2
-2,2
-6,2
2,2
-3,2
2,2
-28,2
-11,2
-2,2
5,2
7,2
13,2
8,2
5,2
2,2
9,2
-6,2
9,2
3,2
-11,2
-1,2
-11,2
0,2
-1,2
6,2
-2,2
-2,2
-12,2
4,2
-5,2
1,2
2,2
6,2
-10,2
5,2
-3,2
-5,2
-4,2
0,2
-3,2
-4,2
1,2
-9,2
5,2
3,2
-3,2
0,2
0,2
-8,2
3,2
-5,2
-18,2
5,2
3,2
1,2
3,2
-5,2
1,2
11,2
-1,2
5,2
2,2
-3,2
16,2
28,2
-1,2
-11,2
-7,2
-14,2
-10,2
-9,2
-5,2
1,2
-1,2
-3,2
-1,2
1,2
-1,2
5,2
-6,2
-4,2
-6,2
-4,2
0,2
0,2
-6,2
4,2
-1,2
-6,2
-1,2
0,2
1,2
2,2
4,2
-3,2
5,2
-5,2
1,2
0,2
-2,2
-2,2
-2,2
-4,2
-1,2
-2,2
-3,2
-1,2
-2,2
-1,2
-1,2
0,2
-2,2
-3,2
-2,2
-1,2
-2,2
-1,2
-2,2
-1,2
0,2
-3,2
2,2
-1,2
-1,2
-1,2
-1,2
-1,2
-3,2
0,2
-1,2
-1,2
0,2
-2,2
-1,2
-2,2
-2,2
-1,2
-2,2
1,2
-1,2
-2,2
-2,2
-1,2
0,2
-1,2
-2,2
-1,2
-2,2
-1,2
0,2
0,2
-2,2
-1,2
-2,2
-2,2
1,2
-3,2
0,2
-1,2
-1,2
-1,2
0,2
-2,2
-1,2
-1,2
-2,2
-1,2
-3,2
-2,2
-2,2
-1,2
1,2
0,2
1,2
-1,2
0,2
-1,2
-2,2
1,2
0,2
1,2
-2,2
-1,2
-2,2
-1,2
0,2
-1,2
-1,2
-2,2
0,2
-2,2
-1,2
0,2
0,2
-2,2
-1,2
-2,2
1,2
-1,2
-1,2
-2,2
-2,2
0,2
-2,2
-2,2
-1,2
-2,2
-2,2
2,2
-1,2
0,2
-2,2
0,2
-2,2
-1,2
-2,2
0,2
-1,2
-2,2
-1,2
-1,2
-1,2
0,2
-1,2
-2,2
-1,2
-3,2
-1,2
-3,2
-3,2
0,2
-3,2
0,2
-1,2
1,2
-2,2
-2,2
-1,2
0,2
-2,2
-1,2
-1,2
-1,2
0,2
-2,2
-1,2
-1,2
0,2
0,2
-1,2
-1,2
-2,2
-3,2
2,2
-2,2
0,2
-2,2
-1,2
-2,2
-1,2
-2,2
-1,2
0,2
0,2
-1,2
1,2
-1,2
-1,2
-1,2
-2,2
-1,2
-2,2
0,2
-1,2
0,2
0,2
-3,2
-1,2
-4,2
-2,2
-1,2
-1,2
6,2
-1,2
7,2
-22,2
16,2
-27,2
-7,2
17,2
-28,2
1,2
-2,2
10,2
15,2
13,2
6,2
13,2
1,2
11,2
-4,2
-4,2
-1,2
1,2
-2,2
6,2
0,2
16,2
17,2
-11,2
-8,2
-1,2
3,2
-8,2
5,2
17,2
-51,2
13,2
1,2
15,2
-1,2
-5,2
-15,2
3,2
-15,2
4,2
-15,2
-8,2
13,2
8,2
-7,2
-2,2
12,2
-10,2
2,2
4,2
15,2
0,2
-1,2
-5,2
8,2
-19,2
1,2
1,2
0,2
11,2
3,2
5,2
4,2
-10,2
4,2
-7,2
7,2
-4,2
-17,2
3,2
-8,2
-1,2
0,2
2,2
-4,2
-7,2
-3,2
2,2
-8,2
17,2
-5,2
2,2
-5,2
-1,2
2,2
3,2
-21,2
-1,2
0,2
-11,2
5,2
4,2
-5,2
1,2
-5,2
16,2
15,2
-1,2
5,2
-16,2
-18,2
6,2
-6,2
5,2
6,2
3,2
-10,2
-3,2
-6,2
5,2
6,2
-5,2
0,2
-11,2
4,2
-7,2
3,2
-1,2
4,2
-7,2
-3,2
1,2
-8,2
10,2
-2,2
9,2
-2,2
-6,2
1,2
-3,2
-3,2
1,2
2,2
4,2
2,2
4,2
0,2
-6,2
-8,2
-3,2
0,2
-1,2
-7,2
3,2
5,2
5,2
-4,2
-1,2
-5,2
-7,2
15,2
2,2
3,2
1,2
-6,2
-5,2
-5,2
-11,2
-10,2
0,2
-6,2
-4,2
-3,2
-1,2
-8,2
7,2
3,2
-5,2
-1,2
5,2
2,2
17,2
0,2
0,2
-17,2
-5,2
3,2
-8,2
8,2
-14,2
-2,2
-2,2
-4,2
4,2
11,2
2,2
-7,2
1,2
-12,2
2,2
0,2
-5,2
8,2
-5,2
4,2
-2,2
-5,2
1,2
-5,2
-4,2
2,2
4,2
13,2
-12,2
-4,2
-12,2
8,2
4,2
-9,2
1,2
-3,2
6,2
-4,2
-1,2
-10,2
-14,2
16,2
-8,2
-5,2
1,2
-1,2
14,2
-7,2
1,2
2,2
1,2
2,2
-1,2
-6,2
-33,2
9,2
-10,2
-1,2
6,2
14,2
3,2
-5,2
0,2
0,2
8,2
-4,2
-1,2
5,2
-14,2
5,2
1,2
3,2
-1,2
-3,2
-4,2
-13,2
7,2
-23,2
2,2
2,2
1,2
4,2
1,2
-14,2
-3,2
-5,2
11,2
3,2
6,2
-8,2
11,2
-5,2
-14,2
1,2
-9,2
8,2
1,2
-8,2
5,2
8,2
1,2
1,2
-5,2
1,2
0,2
8,2
-10,2
2,2
-6,2
-2,2
1,2
0,2
-2,2
2,2
-4,2
10,2
-17,2
-7,2
-23,2
13,2
1,2
12,2
5,2
4,2
0,2
-4,2
-8,2
-1,2
2,2
-3,2
3,2
0,2
-3,2
-1,2
-6,2
9,2
-4,2
-4,2
-2,2
-2,2
-1,2
1,2
-1,2
0,2
4,2
-2,2
-1,2
1,2
-1,2
2,2
0,2
1,2
1,2
-3,2
-4,2
-5,2
-2,2
-2,2
-5,2
-4,2
-4,2
-1,2
-2,2
1,2
0,2
-5,2
1,2
3,2
4,2
-5,2
0,2
-5,2
-4,2
-1,2
-6,2
6,2
-4,2
1,2
2,2
2,2
2,2
-6,2
-4,2
-7,2
0,2
1,2
-4,2
1,2
10,2
-10,2
1,2
-1,2
-5,2
4,2
-4,2
-2,2
-1,2
2,2
-1,2
-2,2
-1,2
-6,2
-2,2
1,2
-2,2
2,2
-4,2
5,2
1,2
-3,2
11,2
-9,2
0,2
1,2
-4,2
-9,2
-3,2
1,2
1,2
2,2
-12,2
1,2
3,2
3,2
1,2
3,2
-6,2
6,2
0,2
0,2
-2,2
3,2
2,2
2,2
-5,2
-1,2
0,2
-3,2
-1,2
-1,2
1,2
-1,2
-4,2
-5,2
-2,2
-3,2
1,2
-1,2
0,2
1,2
1,2
-2,2
0,2
-3,2
1,2
-1,2
-3,2
-1,2
0,2
-4,2
-1,2
0,2
1,2
-3,2
-3,2
0,2
0,2
-1,2
-1,2
-1,2
-1,2
-2,2
0,2
6,2
-1,2
4,2
-4,2
0,2
-3,2
-1,2
-7,2
-5,2
-1,2
-1,2
4,2
-3,2
1,2
-1,2
-4,2
3,2
4,2
-1,2
-4,2
0,2
-2,2
-4,2
1,2
-1,2
1,2
-7,2
1,2
-2,2
-2,2
