Timestamp,CH_1,CH_2,CH_3,CH_4,CH_5,CH_6,CH_7,CH_8
1763057765.272184,32,51,64,86,45,46,79,28
1763057765.294587,34,50,65,90,46,40,64,31
1763057765.339604,31,48,51,84,44,41,74,33
1763057765.3695786,28,45,58,72,46,44,88,30
1763057765.3920896,30,67,72,70,45,45,90,28
1763057765.4145613,31,74,75,76,54,49,97,31
1763057765.4521139,32,77,79,78,54,44,88,30
1763057765.4745848,34,74,70,79,68,48,89,32
1763057765.5121355,28,45,58,101,66,48,81,30
1763057765.536192,27,44,58,103,64,49,74,29
1763057765.5795863,27,42,50,109,47,40,63,31
1763057765.609631,27,62,55,82,50,46,67,31
1763057765.6321301,30,63,67,64,54,43,71,31
1763057765.6546035,30,71,74,52,57,44,68,32
1763057765.677139,32,81,81,50,58,45,68,31
1763057765.7146,32,80,83,44,49,38,77,34
1763057765.7371242,29,82,73,43,45,40,74,35
1763057765.7746284,31,84,63,37,38,45,85,32
1763057765.7971306,32,82,56,47,37,48,92,28
1763057765.8345914,33,85,73,50,40,48,83,29
1763057765.8570962,30,81,73,50,41,51,84,30
1763057765.902792,30,89,87,69,56,53,73,33
1763057765.9320567,28,124,101,67,59,52,92,31
1763057765.9703245,29,122,105,67,59,47,102,31
1763057765.9920542,26,124,109,52,46,44,104,30
1763057766.0146267,28,112,98,54,48,46,102,31
1763057766.0371225,28,105,102,60,42,44,96,32
1763057766.0745764,25,98,99,71,39,51,100,32
1763057766.0970452,27,92,95,73,39,52,103,34
1763057766.1345837,24,82,92,85,34,54,109,32
1763057766.157074,28,85,90,80,33,53,107,30
1763057766.2102776,28,91,85,96,38,49,101,28
1763057766.232102,31,99,73,81,40,59,129,31
1763057766.254617,28,105,72,81,39,58,132,33
1763057766.2786074,27,98,76,73,36,54,126,31
1763057766.3145485,27,99,95,85,37,43,84,30
1763057766.338606,27,102,99,100,35,42,85,33
1763057766.3746083,27,95,97,94,38,54,115,33
1763057766.397128,30,80,79,102,37,51,122,34
1763057766.4278786,28,83,82,106,38,49,120,33
1763057766.4585786,29,96,111,122,35,47,94,34
1763057766.479572,29,97,111,129,33,41,102,34
1763057766.5267549,27,94,117,116,31,42,95,35
1763057766.5546076,29,80,85,91,35,42,93,35
1763057766.5867815,27,82,87,82,37,41,80,37
1763057766.61613,27,73,70,71,40,42,92,34
1763057766.6452444,23,57,64,68,38,42,96,31
1763057766.6760907,24,48,51,59,38,51,110,34
1763057766.7067554,27,41,45,59,40,55,112,33
1763057766.7277825,28,39,46,59,45,55,106,33
1763057766.7667513,29,38,44,56,49,65,106,27
1763057766.7878113,29,38,42,55,50,59,88,28
1763057766.8172243,27,38,35,63,48,56,89,33
1763057766.8395777,28,32,34,59,45,58,93,33
1763057766.8620772,27,36,36,61,45,48,83,35
1763057766.8995612,28,40,51,57,46,56,89,37
1763057766.9220755,28,40,53,49,49,54,93,34
1763057766.9678667,27,49,54,37,50,54,111,34
1763057766.997088,28,56,51,34,55,48,110,32
1763057767.0195758,28,62,56,32,56,51,111,32
1763057767.0420847,26,64,72,37,56,52,118,33
1763057767.0810761,28,95,102,55,52,52,110,31
1763057767.117182,31,104,102,60,49,52,109,29
1763057767.1395738,32,106,108,59,46,55,96,29
1763057767.1771314,30,95,103,68,46,53,85,32
1763057767.1996388,31,79,108,71,36,53,85,32
1763057767.2371716,29,88,107,70,36,53,97,36
1763057767.2595809,31,80,102,72,43,55,91,35
1763057767.2970555,31,84,116,60,51,63,110,37
1763057767.321076,32,88,122,67,51,57,107,35
1763057767.3585842,36,100,120,90,47,52,103,33
1763057767.387765,36,119,113,84,46,51,89,32
1763057767.4171743,36,147,105,93,38,33,80,26
1763057767.439554,33,147,112,81,35,35,66,28
1763057767.462062,31,176,136,82,39,49,65,27
1763057767.499553,31,165,156,97,40,50,76,33
1763057767.5370598,34,201,168,87,44,49,81,34
1763057767.5678797,33,178,151,89,40,35,80,34
1763057767.5986285,33,175,148,87,36,31,69,29
1763057767.6196082,32,172,148,85,39,35,56,28
1763057767.642074,34,157,153,79,38,37,56,30
1763057767.6668055,35,171,168,114,39,39,63,35
1763057767.6953008,32,166,170,111,47,172,71,36
1763057767.725285,288,190,154,112,130,779,601,153
1763057767.7552557,335,184,148,122,131,801,606,185
1763057767.785028,837,159,109,85,130,808,620,348
1763057767.815273,930,252,102,78,103,490,509,488
1763057767.845231,1322,404,87,94,68,299,251,566
1763057767.8820693,1571,420,91,103,86,255,228,591
1763057767.9195776,1545,198,65,93,122,168,358,504
1763057767.9420898,1403,141,63,79,129,169,370,433
1763057767.9795237,820,51,57,83,117,144,380,284
1763057768.0020354,416,41,55,83,102,129,302,191
1763057768.0395508,148,37,53,75,44,93,144,107
1763057768.0620482,120,33,42,54,44,59,90,78
1763057768.0995438,66,39,39,54,42,42,85,53
1763057768.1220572,49,41,39,53,43,39,87,51
1763057768.1595752,36,43,59,86,46,33,101,47
1763057768.190258,36,42,61,91,47,35,97,39
1763057768.2210548,32,55,76,92,46,39,94,41
1763057768.242044,33,54,69,83,46,39,109,37
1763057768.2810283,26,54,64,70,42,39,105,37
1763057768.3021886,30,50,59,103,45,45,106,37
1763057768.3395264,31,44,54,100,40,43,75,35
1763057768.362023,32,43,57,115,47,43,75,35
1763057768.4012203,33,34,51,92,47,37,64,31
1763057768.422089,33,35,50,94,46,42,67,29
1763057768.467729,31,26,39,60,52,44,82,24
1763057768.5045786,30,27,31,48,54,42,90,30
1763057768.5420835,30,34,41,88,57,46,88,33
1763057768.5645885,32,35,43,86,54,43,86,35
1763057768.6020267,31,34,43,89,61,53,83,35
1763057768.6245234,31,34,46,81,71,50,85,35
1763057768.6620526,27,32,44,73,113,47,87,31
1763057768.6845303,27,32,44,74,132,47,93,32
1763057768.722057,29,35,55,68,170,49,139,32
1763057768.744555,30,33,57,67,160,51,138,32
1763057768.782042,29,29,52,59,142,46,135,33
1763057768.804557,98,69,46,71,131,50,129,29
1763057768.8421059,178,138,36,72,120,54,123,32
1763057768.8645866,179,142,36,72,132,57,133,34
1763057768.9020824,168,148,38,62,136,54,113,36
1763057768.9245813,85,115,39,76,109,52,97,33
1763057768.9625056,76,127,37,80,88,45,122,32
1763057768.984549,70,128,39,82,75,56,126,34
1763057769.0225008,31,100,43,87,68,56,127,33
1763057769.0445359,32,73,46,90,57,62,120,33
1763057769.0820532,31,52,61,107,58,54,112,32
1763057769.112752,29,76,74,115,62,54,138,31
1763057769.1420233,26,100,87,104,52,47,125,29
1763057769.1645293,30,139,105,101,54,45,124,27
1763057769.2020724,29,142,104,77,50,40,111,29
1763057769.224579,28,150,113,87,56,44,105,31
1763057769.2620778,27,115,133,112,53,45,122,34
1763057769.284547,30,103,139,117,53,47,106,35
1763057769.322081,37,131,155,108,50,44,98,35
1763057769.3445735,38,143,157,109,49,41,102,34
1763057769.390239,35,142,139,80,51,43,89,31
1763057769.4195259,31,99,113,88,48,47,99,29
1763057769.4421015,31,82,108,100,51,45,96,30
1763057769.4645894,29,93,112,107,46,43,80,30
1763057769.487122,29,92,105,105,45,44,77,30
1763057769.5245347,29,122,118,101,44,44,107,34
1763057769.547752,29,133,121,93,44,44,114,34
1763057769.5845373,34,158,157,95,50,43,121,35
1763057769.6077495,31,157,164,109,52,40,112,34
1763057769.6445591,34,155,166,107,52,40,80,37
1763057769.6678343,35,172,141,107,51,40,77,38
1763057769.7045488,39,189,172,93,57,39,80,39
1763057769.7352674,37,224,178,98,57,32,82,36
1763057769.764559,41,249,213,117,56,33,66,37
1763057769.7877526,39,244,196,134,54,34,67,33
1763057769.8245196,34,225,165,142,53,40,77,31
1763057769.8470552,38,207,142,121,52,38,75,30
1763057769.884558,36,160,110,130,50,43,82,33
1763057769.9070477,35,146,113,126,49,42,73,35
1763057769.9445474,32,82,80,132,85,47,73,33
1763057769.9671195,29,69,77,143,86,45,60,33
1763057770.0045567,32,46,61,138,85,52,70,32
1763057770.027061,30,44,60,140,66,54,70,32
1763057770.064562,31,35,67,117,51,49,74,29
1763057770.0870137,30,39,66,109,50,49,69,32
1763057770.1245255,31,45,73,90,52,45,73,34
1763057770.1470373,30,45,59,98,54,49,68,35
1763057770.184534,31,42,57,97,60,44,71,32
1763057770.2070155,28,41,83,90,58,46,70,34
1763057770.2445674,26,41,92,89,53,44,70,31
1763057770.2671237,28,41,100,98,55,45,72,31
1763057770.3127365,28,40,84,86,58,46,54,31
1763057770.3420458,30,36,71,74,61,47,61,32
1763057770.3645587,28,36,60,69,60,48,59,30
1763057770.387086,29,33,44,85,50,45,61,29
1763057770.4102023,31,34,44,86,52,47,92,28
1763057770.4552689,28,36,50,94,50,44,89,25
1763057770.4845157,28,37,55,80,47,40,104,24
1763057770.5069995,27,39,59,75,43,41,90,23
1763057770.53023,27,38,59,70,45,41,93,22
1763057770.5670974,25,33,59,65,45,45,96,27
1763057770.5901997,25,31,52,67,49,47,96,30
1763057770.6285431,29,31,49,73,55,51,85,34
1763057770.6504138,28,33,54,103,53,53,85,32
1763057770.6870272,29,32,39,98,53,53,79,30
1763057770.7102325,27,31,43,99,52,56,98,30
1763057770.7470074,28,28,39,80,47,55,110,28
1763057770.7702386,28,33,42,81,43,67,110,29
1763057770.8070493,26,33,40,84,46,62,104,28
1763057770.8301992,27,32,41,83,45,61,92,27
1763057770.8671257,26,33,39,70,47,45,99,30
1763057770.8902807,28,31,41,68,47,43,97,30
1763057770.9270613,28,55,42,82,47,54,102,31
1763057770.9502988,30,93,42,88,67,54,102,30
1763057770.9870236,29,318,40,92,92,57,108,25
1763057771.0102737,29,468,37,91,92,50,97,27
1763057771.047024,30,625,40,73,82,48,124,32
1763057771.0702326,32,770,41,73,79,43,131,32
1763057771.1070023,33,679,58,95,51,55,130,33
1763057771.1302226,35,629,64,99,56,58,135,34
1763057771.167041,32,185,79,109,54,58,121,32
1763057771.1902177,32,107,93,107,58,56,118,35
1763057771.2270052,31,91,102,91,52,48,130,31
1763057771.2504115,30,90,105,97,53,49,128,30
1763057771.287033,28,80,95,100,48,55,105,29
1763057771.3102002,27,87,103,96,47,47,92,30
1763057771.3327255,26,94,99,92,46,52,92,32
1763057771.370233,31,112,109,105,44,52,93,31
1763057771.3927054,31,112,111,114,48,52,98,34
1763057771.4302015,31,119,120,114,57,53,91,33
1763057771.4527404,37,135,143,120,55,52,87,33
1763057771.475204,33,123,145,104,56,49,114,34
1763057771.5124798,30,179,142,87,53,48,107,35
1763057771.5507855,26,162,120,109,60,43,119,40
1763057771.5727422,26,160,153,123,65,55,96,42
1763057771.6102426,30,95,148,146,66,55,90,37
1763057771.6401935,28,104,155,126,67,54,86,35
1763057771.670219,29,129,116,119,59,56,91,29
1763057771.6927354,32,159,115,100,57,55,92,30
1763057771.7302258,33,153,115,82,51,53,117,32
1763057771.7527573,33,144,117,70,50,46,106,32
1763057771.7899597,35,99,130,59,48,42,126,29
1763057771.8127236,38,105,131,63,47,47,125,28
1763057771.84958,37,108,109,98,49,47,116,27
1763057771.872692,35,113,110,97,49,46,100,30
1763057771.9095383,33,120,128,100,56,43,98,32
1763057771.9326813,35,114,123,86,53,41,85,34
1763057771.9695451,34,99,123,97,51,48,108,31
1763057771.9927258,38,104,112,103,52,44,107,29
1763057772.029488,38,100,111,101,44,44,106,28
1763057772.052738,38,105,109,95,44,43,82,28
1763057772.0895169,32,131,110,98,45,43,83,33
1763057772.1126988,32,140,121,97,48,46,94,34
1763057772.14947,30,139,117,104,42,36,97,34
1763057772.1727116,29,130,131,82,44,38,106,35
1763057772.217735,32,102,111,81,50,45,97,32
1763057772.2552075,32,98,98,65,51,53,106,32
1763057772.2926955,29,99,105,72,48,55,98,31
1763057772.3227458,27,97,108,78,52,51,95,31
1763057772.35267,30,84,104,94,60,53,110,31
1763057772.3752105,35,82,82,95,57,52,103,29
1763057772.4127011,34,79,89,105,54,51,105,30
1763057772.435182,33,77,83,92,48,48,103,30
1763057772.472725,25,60,74,109,49,50,69,26
1763057772.4952044,26,53,56,97,49,49,72,23
1763057772.532734,32,54,60,109,44,49,81,25
1763057772.5627644,32,43,57,100,44,47,81,24
1763057772.5926943,32,42,59,89,46,46,76,29
1763057772.6152384,29,44,58,97,48,48,93,33
1763057772.652738,29,38,53,78,57,55,89,34
1763057772.67493,29,36,50,87,59,55,87,33
1763057772.712681,30,32,41,83,58,54,64,31
1763057772.7352345,29,55,55,84,55,51,69,30
1763057772.772704,27,74,72,96,53,43,83,32
1763057772.795175,24,76,73,94,55,44,88,34
1763057772.8326805,29,65,62,82,59,44,88,33
1763057772.8552177,28,63,54,77,60,44,90,30
1763057772.900233,31,50,42,44,63,39,75,33
1763057772.9377124,27,57,39,41,54,39,73,32
1763057772.975204,25,79,63,64,55,43,93,34
1763057772.9976525,25,81,63,64,51,45,89,31
1763057773.0352135,28,146,144,73,52,52,90,33
1763057773.0731578,29,192,170,92,48,50,71,34
1763057773.0951765,30,197,174,107,47,49,73,36
1763057773.1326752,30,171,151,108,50,48,78,34
1763057773.1552033,30,143,134,98,51,51,76,33
1763057773.1926968,30,104,132,71,53,55,73,31
1763057773.2156131,29,103,109,71,51,55,81,29
1763057773.237444,27,82,96,77,52,53,76,32
1763057773.275165,29,95,90,76,49,59,84,32
1763057773.2976928,29,95,91,77,51,62,84,32
1763057773.3352365,35,131,104,60,45,59,65,30
1763057773.357698,34,127,105,61,42,54,59,30
1763057773.4026608,33,136,105,54,43,43,62,33
1763057773.4320085,27,95,88,51,44,55,75,31
1763057773.4551864,27,77,79,52,43,58,79,33
1763057773.4776943,29,56,59,63,47,65,81,29
1763057773.5151749,29,47,47,63,51,56,66,33
1763057773.5376668,31,46,53,76,49,48,66,33
1763057773.5831926,25,44,48,63,48,41,62,33
1763057773.611975,23,42,48,62,42,44,51,29
1763057773.635197,21,41,39,47,43,46,59,32
1763057773.6576927,21,30,36,41,42,44,70,31
1763057773.6951566,25,32,34,37,42,42,71,31
1763057773.7176886,28,35,36,38,44,46,87,32
1763057773.7401593,31,33,33,34,45,46,86,30
1763057773.7777162,31,30,36,33,46,46,75,29
1763057773.815172,29,25,34,34,46,44,94,32
1763057773.8377042,28,25,32,33,45,50,93,32
1763057773.8602197,29,26,27,33,44,50,94,32
1763057773.8976908,25,32,30,41,54,50,111,31
1763057773.935197,24,32,33,55,52,47,120,29
1763057773.9576552,25,32,32,57,51,47,130,33
1763057773.9952,28,29,33,58,41,48,127,31
1763057774.0181592,27,27,30,52,41,48,131,33
1763057774.0551667,27,31,32,63,45,55,114,28
1763057774.077703,27,32,33,58,45,55,129,26
1763057774.115194,27,35,39,57,41,49,107,27
1763057774.137663,26,34,40,53,42,40,102,26
1763057774.175151,25,30,39,47,42,47,96,28
1763057774.197736,23,32,38,46,43,46,90,28
1763057774.220237,23,28,35,50,43,50,90,27
1763057774.2576978,20,27,36,45,45,54,107,29
1763057774.2801898,21,30,37,43,46,59,99,27
1763057774.317687,23,33,43,43,48,54,112,28
1763057774.3401957,25,33,41,38,51,59,110,29
1763057774.3776922,29,34,40,65,45,45,103,29
1763057774.4001462,28,36,40,67,43,48,122,27
1763057774.437667,30,34,39,67,41,46,118,27
1763057774.4601986,30,32,37,65,41,44,117,26
1763057774.5052068,33,34,39,67,44,43,103,31
1763057774.534454,33,35,35,69,51,47,119,38
1763057774.557663,30,36,36,67,55,60,150,37
1763057774.5801628,30,40,47,71,69,66,156,38
1763057774.6177194,28,42,50,68,71,74,146,35
1763057774.6401892,28,42,53,71,75,76,145,31
1763057774.6626563,29,43,55,77,71,66,113,31
1763057774.6852152,26,45,55,77,58,62,128,32
1763057774.7145088,24,42,52,85,58,94,201,37
1763057774.7376816,22,41,51,83,52,100,208,38
1763057774.7601693,25,44,53,86,55,104,222,37
1763057774.7976604,29,38,44,64,51,76,151,38
1763057774.8201764,32,38,43,61,54,66,156,36
1763057774.857719,30,45,35,46,62,61,172,35
1763057774.8801553,30,53,41,62,72,73,197,38
1763057774.9176788,26,53,38,63,79,85,210,42
1763057774.9401827,28,50,39,62,81,85,198,43
1763057774.9776845,29,47,41,57,72,77,168,42
1763057775.0001497,28,48,42,53,65,73,142,38
1763057775.045839,30,46,44,51,58,75,137,37
1763057775.0744555,28,40,48,59,53,69,101,35
1763057775.0976732,31,85,71,61,57,64,100,32
1763057775.120161,35,92,76,71,57,69,109,30
1763057775.1424184,36,96,76,73,62,67,111,43
1763057775.180179,39,104,106,60,61,66,148,51
1763057775.2026584,38,84,102,62,57,81,164,54
1763057775.2401538,32,87,103,50,87,90,159,48
1763057775.2626746,35,94,99,65,87,88,163,43
1763057775.3002152,36,87,81,74,94,77,131,42
1763057775.3226962,35,79,77,80,73,69,144,40
1763057775.360272,36,77,76,78,65,55,166,36
1763057775.382705,35,77,67,75,65,66,162,33
1763057775.4201758,34,67,52,76,72,75,147,30
1763057775.4426749,33,62,53,74,68,75,142,31
1763057775.480184,31,58,50,80,72,71,121,30
1763057775.5026631,29,50,47,77,58,70,130,30
1763057775.5401556,29,44,41,74,60,75,150,33
1763057775.5626829,30,41,36,74,53,75,143,34
1763057775.6002254,30,33,35,71,60,66,131,30
1763057775.6226757,29,35,36,91,60,70,113,29
1763057775.6601827,27,36,39,91,55,74,93,29
1763057775.6826339,26,36,39,87,50,73,101,29
1763057775.7201402,28,40,39,100,57,72,108,30
1763057775.742656,29,35,40,103,59,70,111,32
1763057775.7801511,30,36,38,108,61,59,108,36
1763057775.8026354,28,44,46,104,70,64,96,34
1763057775.840124,33,42,47,99,65,72,90,33
1763057775.86265,32,44,49,95,63,69,88,30
1763057775.9002178,31,44,48,92,58,69,92,29
1763057775.922652,29,43,47,92,62,59,88,30
1763057775.9606082,28,39,53,92,67,59,88,31
1763057775.9826584,28,39,53,81,62,51,92,32
1763057776.0201828,27,54,56,78,62,59,97,32
1763057776.0426898,27,55,61,87,70,63,99,35
1763057776.065174,26,58,56,84,66,59,102,33
1763057776.1026652,28,54,58,77,53,50,98,35
1763057776.1251457,29,62,61,77,52,50,107,35
1763057776.162652,29,68,58,61,44,44,103,35
1763057776.1851315,28,70,62,71,43,48,102,33
1763057776.2226694,27,67,78,85,56,51,88,32
1763057776.245132,28,68,81,91,56,53,90,29
1763057776.2826514,27,72,92,86,58,51,94,29
1763057776.305157,28,71,102,83,57,54,88,30
1763057776.3426452,28,68,96,83,51,51,81,32
1763057776.3726895,29,64,92,92,67,53,86,30
1763057776.4026268,29,60,67,88,64,58,85,30
1763057776.4251583,28,66,66,101,63,55,75,32
1763057776.4626613,29,65,59,101,45,65,128,32
1763057776.4851358,27,64,60,127,48,63,126,31
1763057776.522687,29,52,53,118,53,58,129,29
1763057776.5451498,27,52,46,109,50,50,123,28
1763057776.5826461,28,41,42,87,56,57,78,23
1763057776.6051414,25,37,45,70,54,57,93,28
1763057776.6426542,30,35,48,109,63,61,103,30
1763057776.6644735,31,32,49,105,65,57,106,35
1763057776.6869857,30,34,49,107,63,55,112,36
1763057776.7244742,29,32,43,103,58,59,104,34
1763057776.7469711,29,30,46,80,54,61,102,36
1763057776.7844708,32,38,53,110,57,57,82,34
1763057776.8069587,30,40,53,118,56,54,67,33
1763057776.84446,30,40,48,121,55,43,67,31
1763057776.8669546,27,40,46,113,46,42,63,29
1763057776.9044938,30,38,43,100,38,56,85,32
1763057776.9284308,26,37,46,98,42,57,92,32
1763057776.964457,30,36,51,111,44,51,114,32
1763057776.9869509,29,36,53,107,48,45,112,34
1763057777.024495,30,34,49,95,50,53,124,30
1763057777.0469267,28,39,52,95,51,55,128,30
1763057777.070934,27,42,50,86,49,58,121,28
1763057777.106952,29,54,60,92,46,48,135,47
1763057777.1309445,26,59,67,88,47,50,144,49
1763057777.1669333,32,64,73,88,45,68,175,49
1763057777.2119882,33,67,107,83,42,64,159,35
1763057777.2434435,33,86,111,81,43,60,141,35
1763057777.2644396,29,91,122,85,46,56,103,35
1763057777.28697,25,89,101,78,46,71,89,34
1763057777.3244545,28,77,90,86,52,66,121,33
1763057777.3484561,28,94,100,94,51,68,125,34
1763057777.384453,36,118,101,90,46,54,132,33
1763057777.4069307,34,119,95,107,50,56,126,34
1763057777.444498,35,116,92,96,52,57,100,35
1763057777.4669242,29,95,82,91,52,53,115,34
1763057777.5059507,29,100,88,81,44,52,108,33
1763057777.5269513,31,105,91,85,45,56,108,32
1763057777.551128,32,101,88,83,49,55,117,28
1763057777.5869787,36,118,98,107,58,67,102,32
1763057777.6110177,34,104,90,107,66,74,111,32
1763057777.6469831,33,115,94,125,61,72,117,31
1763057777.6934752,33,115,103,104,58,67,135,29
1763057777.7234428,34,110,110,92,51,66,113,31
1763057777.7459576,30,98,98,86,57,62,116,29
1763057777.7669566,29,84,98,96,63,67,140,30
1763057777.7894619,28,83,92,114,64,69,125,33
1763057777.8269842,28,91,101,116,64,64,121,34
1763057777.8495069,28,89,102,122,58,63,124,34
1763057777.887017,31,89,107,120,52,54,133,30
1763057777.9095619,34,83,109,116,49,54,143,32
1763057777.9319308,32,73,102,111,49,62,150,29
1763057777.9694817,28,60,93,92,51,64,146,33
1763057777.9935057,29,55,86,87,50,64,126,34
1763057778.0144553,26,53,83,83,49,61,121,32
1763057778.0464337,25,65,76,87,49,54,125,36
1763057778.0744476,26,66,75,87,51,56,133,35
1763057778.1059072,30,62,71,93,51,63,137,34
1763057778.1269314,29,62,75,96,49,64,128,35
1763057778.14945,31,45,58,93,51,58,116,32
1763057778.186934,30,42,46,78,45,63,117,32
1763057778.209494,27,35,42,83,44,63,123,32
1763057778.2469428,29,33,37,84,37,62,123,28
1763057778.2694542,29,31,38,88,43,64,95,30
1763057778.3069305,30,36,41,74,51,69,84,28
1763057778.329452,29,37,42,59,54,67,93,28
1763057778.3534303,29,37,40,58,53,68,87,29
1763057778.389472,28,28,37,40,50,48,79,25
1763057778.426877,26,32,30,45,47,50,76,30
1763057778.449448,25,29,30,46,52,47,75,31
1763057778.4944518,26,32,30,45,50,41,86,31
1763057778.525884,30,29,34,35,47,49,82,29
1763057778.5469635,32,37,37,37,46,50,94,31
1763057778.5709338,31,36,35,36,46,54,91,32
1763057778.60843,30,36,39,37,52,59,73,30
1763057778.629468,33,44,39,38,50,68,96,29
1763057778.6669455,47,50,54,33,46,70,96,27
1763057778.6894605,46,49,53,36,45,71,94,31
1763057778.7269223,55,60,57,37,42,55,78,36
1763057778.7494493,66,64,65,39,42,51,104,36
1763057778.7869434,58,101,91,43,45,48,106,33
1763057778.8094485,59,98,91,36,44,41,112,32
1763057778.8468857,40,102,88,38,45,45,104,29
1763057778.869454,39,87,71,32,43,44,113,32
1763057778.9144442,36,82,66,31,45,54,122,30
1763057778.9519181,29,104,78,30,48,60,135,35
1763057778.9969456,28,103,72,28,57,67,144,32
1763057779.0284364,31,94,81,29,59,57,135,33
1763057779.0493834,33,93,91,31,64,55,135,33
1763057779.0719693,32,112,106,36,56,62,128,32
1763057779.1094422,39,159,138,46,51,73,157,34
1763057779.131876,38,162,145,49,63,78,174,35
1763057779.1543787,37,158,137,50,58,80,170,33
1763057779.191904,32,121,147,49,65,79,162,33
1763057779.222616,32,133,153,46,70,71,154,33
1763057779.25189,31,122,148,41,65,74,193,36
1763057779.274452,31,132,144,38,63,65,206,33
1763057779.3119097,27,102,107,34,54,69,212,32
1763057779.3494403,26,130,121,40,55,71,167,33
1763057779.3719509,27,184,139,47,64,76,166,35
1763057779.410908,50,255,198,94,69,67,146,38
1763057779.4334655,55,253,205,97,71,62,150,40
1763057779.4709053,58,198,184,94,67,58,171,39
1763057779.4934363,56,119,149,72,69,65,172,35
1763057779.5369265,36,105,122,112,65,68,176,36
1763057779.5684695,30,110,146,117,69,68,140,33
1763057779.5969546,33,92,115,144,65,74,177,34
1763057779.6284428,30,100,151,113,73,78,184,34
1763057779.6509464,29,100,146,112,79,79,187,35
1763057779.679465,28,99,148,110,70,73,189,33
1763057779.7093642,25,105,163,64,62,65,140,31
1763057779.7394605,25,94,138,73,65,59,129,35
1763057779.778427,28,101,123,81,59,66,107,35
1763057779.799388,31,104,118,78,58,62,99,32
1763057779.8308978,31,91,91,87,69,70,109,31
1763057779.861449,31,99,89,82,73,64,103,30
1763057779.8909035,50,82,77,78,78,68,100,27
1763057779.9119458,67,97,63,52,76,67,85,28
1763057779.9358926,82,101,58,47,90,63,73,25
1763057779.9569309,84,106,83,62,89,67,72,29
1763057779.994375,75,99,89,77,90,75,80,30
1763057780.0319216,40,74,87,73,60,78,78,28
1763057780.054457,36,47,59,59,57,75,80,26
1763057780.091879,31,49,46,54,57,64,81,27
1763057780.114434,30,48,48,57,57,68,72,29
1763057780.1519082,29,44,47,59,63,59,69,29
1763057780.1744525,29,35,46,64,68,58,71,28
1763057780.2118847,30,35,43,70,67,60,75,24
1763057780.2426302,29,35,42,68,62,58,82,26
1763057780.2718892,26,37,43,64,56,65,72,28
1763057780.2943873,26,40,41,52,53,66,74,28
1763057780.3319468,32,40,41,50,56,63,74,26
1763057780.355888,55,35,42,50,58,70,72,25
1763057780.3918927,99,58,48,40,92,73,68,27
1763057780.4144502,101,58,47,37,90,80,59,28
1763057780.451907,92,63,48,34,98,79,94,31
1763057780.4744432,79,60,60,36,99,77,99,32
1763057780.5119188,44,68,81,35,75,73,121,30
1763057780.5345135,55,75,92,37,66,74,106,30
1763057780.571915,54,114,108,45,60,70,103,31
1763057780.5944498,56,127,108,49,63,75,118,30
1763057780.6319125,38,137,123,48,57,68,106,26
1763057780.6544566,37,128,119,48,55,65,107,25
1763057780.6919208,31,122,154,43,50,61,119,28
1763057780.7143862,30,120,152,45,49,59,118,30
1763057780.7518723,27,123,139,44,49,58,114,29
1763057780.7744179,28,139,145,39,48,55,106,29
1763057780.7968843,30,127,125,34,42,56,108,27
1763057780.8343735,34,114,119,41,58,62,98,30
1763057780.8568907,34,104,118,41,59,70,95,37
1763057780.8944366,39,114,119,45,66,75,119,58
1763057780.9169302,41,121,118,40,68,74,126,58
1763057780.9559095,39,181,149,58,61,68,137,54
1763057780.9768865,38,181,144,77,61,71,134,43
1763057781.0158808,31,156,123,93,62,76,139,31
1763057781.0368843,32,149,115,95,72,78,137,32
1763057781.0743737,31,120,126,117,71,64,110,27
1763057781.096895,34,122,118,117,71,65,114,26
1763057781.134381,33,113,102,107,67,68,124,29
1763057781.1573596,32,113,94,88,67,68,118,31
1763057781.1944532,27,88,97,90,66,71,119,35
1763057781.216953,28,85,119,85,63,66,125,34
1763057781.261853,27,120,117,102,65,63,118,36
1763057781.2918744,28,130,119,100,59,46,100,34
1763057781.330098,28,138,110,118,58,46,96,33
1763057781.3519053,26,111,117,100,50,52,97,35
1763057781.3835537,27,112,123,111,47,51,106,34
1763057781.4050634,29,128,145,126,50,53,99,34
1763057781.4359198,33,120,147,151,52,54,97,34
1763057781.465096,34,118,140,154,62,67,96,29
1763057781.4943697,34,85,99,136,60,76,97,31
1763057781.5250947,31,71,71,92,62,76,93,30
1763057781.555874,34,72,78,111,53,56,84,29
1763057781.5769217,31,65,73,115,57,53,76,28
1763057781.6143417,30,63,74,115,53,56,87,26
1763057781.6368563,29,62,71,113,59,55,77,28
1763057781.6818793,25,43,55,92,70,71,116,35
1763057781.7118309,25,36,46,93,73,69,103,36
1763057781.7343554,26,37,48,90,72,75,109,36
1763057781.756855,27,39,37,61,61,69,107,33
1763057781.7875595,28,40,40,76,58,60,74,31
1763057781.816881,30,43,44,73,59,60,86,28
1763057781.8394818,29,39,46,86,55,59,88,31
1763057781.8784318,30,34,50,84,62,53,88,31
1763057781.8994532,30,35,49,86,61,54,92,32
1763057781.9369907,27,30,43,67,62,48,73,30
1763057781.9598489,27,33,41,99,61,60,85,29
1763057781.996843,26,29,40,108,62,60,84,31
1763057782.0193565,27,36,41,110,59,61,82,29
1763057782.0651302,29,41,48,83,57,51,74,35
1763057782.0958571,41,43,46,72,49,65,87,35
1763057782.1169949,94,45,52,66,51,66,94,52
1763057782.1557446,103,59,58,47,47,67,106,54
1763057782.18515,105,101,99,82,57,62,100,52
1763057782.2143912,59,123,115,88,59,60,106,43
1763057782.236854,45,141,121,97,60,62,95,42
1763057782.2675612,43,133,104,131,61,67,110,41
1763057782.296839,35,109,103,139,48,68,118,37
1763057782.319364,34,104,105,158,50,66,115,36
1763057782.3418927,32,93,112,162,48,62,118,36
1763057782.372527,31,100,121,135,46,68,117,35
1763057782.3943498,31,108,124,113,53,79,124,30
1763057782.4172285,28,112,116,108,47,82,129,29
1763057782.4393709,29,113,117,97,51,83,132,29
1763057782.4769018,28,107,96,104,52,86,124,28
1763057782.4993641,29,96,95,114,50,77,116,25
1763057782.536896,31,123,103,96,53,74,117,24
1763057782.559407,32,139,105,87,51,59,109,26
1763057782.5968695,32,164,106,87,60,58,112,31
1763057782.6193862,30,141,81,94,52,65,125,34
1763057782.6568801,29,117,95,117,59,67,144,37
1763057782.6793835,27,127,110,118,50,69,147,36
1763057782.7018852,28,98,114,120,48,65,140,36
1763057782.739426,32,94,124,117,54,88,132,64
1763057782.7700982,33,101,116,107,54,106,113,76
1763057782.7994509,47,92,95,103,59,118,134,99
1763057782.8218777,50,117,109,110,69,118,139,99
1763057782.85938,48,112,109,116,69,116,140,92
1763057782.882383,49,109,114,128,65,116,129,90
1763057782.9193268,34,97,107,134,63,165,124,86
1763057782.941876,34,116,106,134,66,166,124,72
1763057782.9793613,31,121,109,119,59,151,109,85
1763057783.001853,35,120,104,114,55,145,117,91
1763057783.0393672,74,83,96,71,55,120,134,162
1763057783.0700617,85,81,90,137,57,152,177,191
1763057783.099349,92,74,115,165,71,245,215,185
1763057783.130028,88,80,134,179,69,250,220,170
1763057783.160876,60,82,132,157,72,275,182,93
1763057783.1900597,50,83,125,159,71,266,151,96
1763057783.2193418,38,84,81,113,69,209,132,106
1763057783.241854,38,84,87,113,73,190,123,105
1763057783.2643607,40,84,88,90,69,147,126,106
1763057783.3019023,43,68,99,101,57,132,95,67
1763057783.3394244,39,62,76,100,60,116,105,84
1763057783.3618908,37,53,66,109,62,107,97,82
1763057783.399315,36,51,41,107,68,92,95,76
1763057783.421884,32,57,50,99,63,97,96,60
1763057783.4593296,30,54,46,116,59,94,96,52
1763057783.4818256,28,51,51,117,56,90,100,76
1763057783.5194242,29,36,55,133,63,83,113,89
1763057783.5418973,31,39,73,123,66,92,99,91
1763057783.5793421,33,42,80,116,70,95,106,95
1763057783.6018827,35,40,81,114,70,107,101,95
1763057783.6243627,35,36,80,99,64,110,94,101
1763057783.6618433,32,28,58,94,56,106,92,81
1763057783.684509,30,31,58,100,57,107,106,80
1763057783.721878,33,34,54,90,62,103,124,106
1763057783.7443771,33,34,50,89,58,99,149,105
1763057783.7900362,37,35,44,68,59,98,148,122
1763057783.8193786,34,45,53,66,53,86,149,97
1763057783.8418922,32,54,66,70,54,82,127,93
1763057783.8643897,32,70,87,77,48,84,133,94
1763057783.9018345,36,110,132,115,67,77,124,88
1763057783.9243236,35,114,135,115,70,77,123,81
1763057783.9618304,37,124,152,122,70,81,124,81
1763057783.9843502,34,149,144,119,65,70,110,81
1763057784.021855,33,137,147,107,50,65,136,44
1763057784.0443437,30,136,151,111,48,61,134,40
1763057784.0818703,26,114,145,91,64,97,264,41
1763057784.1043549,25,113,142,94,67,122,268,37
1763057784.141927,33,114,140,104,76,165,325,42
1763057784.17259,37,132,156,118,78,166,326,43
1763057784.2018623,39,133,133,128,75,134,238,42
1763057784.2243588,38,136,125,126,68,116,190,41
1763057784.2618744,33,132,130,123,60,76,142,35
1763057784.284838,38,128,138,135,58,74,152,32
1763057784.321835,36,112,138,118,62,70,127,28
1763057784.3443847,38,110,158,127,67,72,132,32
1763057784.3675437,39,133,164,131,67,69,137,33
1763057784.4043558,32,123,146,141,58,71,151,34
1763057784.4275408,32,118,148,146,79,70,155,38
1763057784.4643548,29,59,89,144,93,113,171,40
1763057784.5018969,33,50,74,158,99,119,227,41
1763057784.524388,35,42,68,157,86,121,233,39
1763057784.5618465,32,38,53,146,72,105,246,37
1763057784.584469,27,37,60,146,68,100,198,35
1763057784.607532,28,40,64,155,65,105,206,39
1763057784.6443517,29,40,66,150,65,115,244,40
1763057784.6675694,28,38,71,154,62,102,222,38
1763057784.7048304,30,39,67,111,63,105,216,35
1763057784.7350562,32,39,61,106,62,114,215,39
1763057784.764371,29,39,62,123,61,131,212,38
1763057784.787503,26,38,58,109,57,130,207,38
1763057784.8243682,24,40,70,126,59,119,174,33
1763057784.8550453,26,42,73,140,66,111,177,35
1763057784.884338,28,39,63,130,75,111,191,31
1763057784.9075997,29,38,48,133,75,118,193,34
1763057784.9443567,28,37,40,107,96,117,209,38
1763057784.9675403,29,38,47,101,95,124,196,38
1763057785.0043998,28,33,45,100,94,109,236,39
1763057785.026849,28,33,46,100,85,114,240,42
1763057785.0643594,28,39,58,114,85,117,239,39
1763057785.086827,29,38,55,88,83,126,244,38
1763057785.1243572,31,36,57,84,94,114,196,31
1763057785.1468973,30,35,59,83,93,118,203,30
1763057785.1843655,31,33,46,84,110,128,237,35
1763057785.206855,29,33,51,80,105,130,219,35
1763057785.244305,31,33,53,88,103,143,294,36
1763057785.2668362,32,31,53,76,109,155,322,35
1763057785.3043354,33,36,51,97,121,165,304,36
1763057785.3268352,35,38,48,96,122,156,277,35
1763057785.350066,32,38,46,95,125,156,262,42
1763057785.3950138,28,30,41,91,96,137,246,42
1763057785.4243615,26,96,37,68,98,139,242,42
1763057785.4468544,25,108,41,97,88,127,269,38
1763057785.4843714,25,109,44,127,89,120,288,33
1763057785.506869,24,105,40,126,78,115,272,33
1763057785.5300086,27,60,42,123,76,106,260,33
1763057785.5668979,28,32,35,92,79,106,235,34
1763057785.5900197,28,31,30,82,84,114,238,36
1763057785.626836,29,32,35,105,90,134,262,36
1763057785.6500652,29,41,38,103,87,133,240,34
1763057785.672567,27,51,43,115,77,119,237,33
1763057785.7100577,29,71,68,104,56,87,259,34
1763057785.7468657,29,94,99,111,46,72,211,38
1763057785.7700613,29,107,108,97,48,65,197,40
1763057785.806862,30,144,120,109,79,110,242,42
1763057785.8299987,32,139,135,116,81,109,244,40
1763057785.8668308,34,180,137,124,84,113,242,39
1763057785.8900118,35,203,166,136,64,89,191,37
1763057785.9268367,35,211,176,152,68,77,164,35
1763057785.9499917,34,213,193,149,70,82,146,34
1763057785.9868312,30,166,187,134,70,69,126,31
1763057786.0100644,31,166,171,110,63,72,126,35
1763057786.046799,35,161,191,164,65,74,127,36
1763057786.070036,36,166,204,159,70,78,138,38
1763057786.1068048,37,201,201,164,74,88,137,45
1763057786.1297808,38,212,202,178,77,79,143,46
1763057786.1525187,33,200,179,138,68,83,153,45
1763057786.190035,32,215,161,134,82,99,187,35
1763057786.2125285,31,201,172,133,83,90,226,33
1763057786.2505023,34,214,182,108,89,95,247,35
1763057786.286832,51,188,188,96,79,125,245,36
1763057786.309974,50,185,168,115,77,129,211,37
1763057786.3468258,49,147,155,135,83,137,235,43
1763057786.3704557,49,130,130,134,77,129,229,46
1763057786.4068034,31,86,116,108,80,152,242,49
1763057786.430025,29,85,111,88,79,152,228,43
1763057786.4529603,27,72,85,121,112,159,220,45
1763057786.4900186,29,40,58,132,129,143,181,45
1763057786.5125582,29,39,64,128,143,165,184,42
1763057786.5500147,29,39,64,92,118,153,148,43
1763057786.5725563,29,43,73,100,110,132,167,41
1763057786.5950844,27,39,74,98,117,174,173,39
1763057786.632504,27,42,78,108,114,166,173,41
1763057786.6700363,24,44,73,107,110,171,152,34
1763057786.6925101,25,43,73,118,114,137,174,32
1763057786.7300484,23,35,53,105,98,116,179,31
1763057786.752501,24,40,65,110,94,113,211,34
1763057786.7899811,25,37,61,102,80,125,187,35
1763057786.8129964,25,36,65,107,78,128,184,34
1763057786.8500075,27,35,64,107,90,143,167,32
1763057786.8724837,28,35,62,87,91,140,182,35
1763057786.9093099,30,34,50,78,88,133,240,35
1763057786.9325693,31,35,43,93,85,141,219,36
1763057786.9693177,32,32,44,98,86,150,217,35
1763057786.9925406,32,32,46,96,96,160,228,36
1763057787.029331,30,29,39,81,92,143,203,36
1763057787.060034,29,30,38,72,103,157,259,37
1763057787.0892735,30,33,38,73,100,144,253,34
1763057787.1124985,30,32,38,81,107,176,258,39
1763057787.1493194,31,34,39,76,97,189,345,43
1763057787.1725242,30,34,44,82,104,197,357,43
1763057787.2093463,31,36,44,109,122,208,395,45
1763057787.232512,30,35,44,109,121,194,302,41
1763057787.2693322,26,39,51,114,125,169,323,45
1763057787.292481,26,37,50,98,120,153,298,44
1763057787.3293154,29,51,66,89,128,145,301,41
1763057787.3524745,27,53,69,105,123,170,301,41
1763057787.389301,30,66,77,150,120,178,308,39
1763057787.4125156,32,70,81,156,118,173,309,39
1763057787.4350557,31,70,79,152,108,165,323,39
1763057787.472526,34,72,79,117,136,207,273,38
1763057787.4950354,34,77,83,152,135,197,282,41
1763057787.517503,32,81,102,183,135,204,279,40
1763057787.5549805,30,100,116,188,115,200,326,36
1763057787.5925224,27,100,124,189,92,140,297,33
1763057787.6150076,25,94,123,162,89,132,282,34
1763057787.6525533,26,75,112,177,86,127,247,35
1763057787.6749892,27,83,123,167,81,128,248,36
1763057787.7124655,26,80,111,152,77,147,223,33
1763057787.7350292,29,99,101,154,97,149,175,32
1763057787.772505,26,95,102,141,110,142,191,32
1763057787.7950027,28,90,87,138,112,121,189,34
1763057787.8324666,26,101,106,114,101,88,175,31
1763057787.8550246,29,100,108,105,96,89,176,30
1763057787.8925235,33,103,111,91,95,116,179,32
1763057787.9225252,34,114,108,114,93,121,177,31
1763057787.9524636,32,96,82,104,86,105,182,34
1763057787.9825127,28,94,82,104,87,117,190,32
1763057788.0125093,28,85,70,78,103,90,144,35
1763057788.0350142,26,76,68,82,148,93,130,31
1763057788.072467,26,69,49,68,203,85,116,36
1763057788.0950134,28,71,42,73,206,79,86,34
1763057788.1325552,27,47,27,77,182,85,98,34
1763057788.154991,27,48,26,75,133,79,96,33
1763057788.1924949,29,34,30,72,120,105,175,33
1763057788.2154868,28,33,31,75,123,112,172,31
1763057788.252507,27,29,34,54,106,131,232,33
1763057788.2906752,25,29,30,51,110,131,209,34
1763057788.3125107,26,33,37,44,93,123,193,35
1763057788.350035,26,36,40,63,82,142,183,38
1763057788.3729403,26,34,48,94,70,116,149,38
1763057788.3949893,28,36,49,93,73,116,154,37
1763057788.4174945,28,33,47,92,72,114,160,45
1763057788.4400191,32,35,48,79,78,99,171,47
1763057788.4774854,34,34,46,53,89,121,184,48
1763057788.5150242,31,36,49,99,95,116,188,43
1763057788.5374858,27,33,48,101,93,122,194,37
1763057788.574992,25,35,42,101,83,109,183,41
1763057788.5974622,27,34,40,92,112,112,178,42
1763057788.6349828,31,37,54,84,108,127,194,51
1763057788.6575472,32,37,56,82,104,131,202,52
1763057788.6949933,29,35,54,69,86,138,254,49
1763057788.7174716,31,33,48,79,85,127,293,43
1763057788.7554684,26,35,47,80,76,134,280,44
1763057788.7774882,31,37,49,96,76,141,271,46
1763057788.81499,32,39,48,100,68,133,245,41
1763057788.844981,33,37,46,95,69,120,245,42
1763057788.8749554,31,34,44,83,71,112,260,40
1763057788.8974755,31,32,41,82,62,116,266,42
1763057788.9350233,28,32,41,87,69,114,216,39
1763057788.9574769,28,31,42,100,71,109,216,39
1763057788.9947207,25,35,46,90,79,102,218,38
1763057789.0175116,28,36,45,74,102,102,197,38
1763057789.0550103,34,41,45,75,115,107,293,50
1763057789.0775375,36,37,49,88,115,110,301,53
1763057789.1150284,37,34,52,93,104,129,340,54
1763057789.1374707,34,28,48,94,86,126,335,43
1763057789.1749625,32,28,36,80,86,131,283,42
1763057789.1974845,30,30,35,86,87,126,215,36
1763057789.2350254,28,31,40,88,90,120,261,41
1763057789.2574565,27,32,45,117,93,110,237,37
1763057789.294951,28,32,43,116,86,100,234,42
1763057789.3249612,25,31,41,133,84,101,224,39
1763057789.354959,27,29,37,117,78,91,195,35
1763057789.3774765,25,31,38,125,78,80,198,32
1763057789.3999987,25,28,38,142,79,72,201,32
1763057789.4374743,27,32,46,143,80,90,174,30
1763057789.459984,29,33,45,144,77,87,170,31
1763057789.4978998,29,47,54,140,85,93,202,30
1763057789.5200865,33,74,78,148,84,94,197,32
1763057789.557971,33,85,112,224,97,139,180,38
1763057789.5800138,37,85,112,223,99,151,159,41
1763057789.617478,34,68,101,220,99,147,122,40
1763057789.6399884,38,69,93,216,116,165,124,41
1763057789.6774902,35,77,75,156,114,153,149,47
1763057789.7000165,37,76,88,172,118,147,146,47
1763057789.737462,32,83,93,194,94,115,177,42
1763057789.7756302,31,87,101,197,90,104,189,41
1763057789.7974515,25,86,101,198,94,94,302,34
1763057789.8199651,27,86,101,165,104,100,320,39
1763057789.864987,28,86,116,158,104,95,316,41
1763057789.8942573,31,80,118,145,81,119,220,39
1763057789.917471,30,77,119,147,70,122,206,34
1763057789.9399357,30,83,97,142,74,127,248,35
1763057789.9774685,30,96,106,154,72,102,258,37
1763057789.999988,28,99,106,135,78,117,285,41
1763057790.0374525,27,118,102,153,81,126,266,42
1763057790.0599482,30,158,102,143,81,126,249,40
1763057790.0974662,31,171,133,137,82,123,207,36
1763057790.120393,31,172,145,105,78,117,159,37
1763057790.1425068,31,169,155,102,70,116,204,37
1763057790.1799548,34,159,137,139,89,119,247,37
1763057790.2174509,36,148,117,155,90,144,297,40
1763057790.2399817,37,152,122,152,88,130,274,38
1763057790.262461,38,180,147,125,77,131,299,43
1763057790.2849505,38,168,161,129,71,119,285,45
1763057790.3224876,37,176,154,122,61,102,252,48
1763057790.3599663,34,152,122,156,60,109,264,41
1763057790.3899646,30,148,101,147,57,109,250,40
1763057790.4200084,27,128,107,171,75,99,264,43
1763057790.4499907,27,132,112,189,82,95,249,43
1763057790.4799807,32,124,112,194,103,82,249,45
1763057790.5024679,36,132,144,182,102,82,244,43
1763057790.539961,41,130,150,155,95,86,251,37
1763057790.5624847,40,125,154,159,111,93,255,37
1763057790.6074584,40,87,123,139,129,99,240,35
1763057790.6367993,37,98,124,149,146,113,226,33
1763057790.667496,37,121,140,183,151,116,211,27
1763057790.6967568,31,132,140,195,160,147,230,33
1763057790.7199688,31,115,134,191,161,145,231,32
1763057790.7424974,32,116,112,166,152,133,204,31
1763057790.7799664,30,82,75,108,98,95,155,32
1763057790.8026462,30,79,73,111,99,89,169,36
1763057790.8399813,26,67,77,155,98,99,186,42
1763057790.869946,28,42,69,142,94,102,189,41
1763057790.8999636,32,37,67,142,89,98,170,39
1763057790.9299552,31,37,69,143,77,102,183,44
1763057790.959941,29,38,58,100,80,96,164,41
1763057790.98246,26,36,53,119,83,89,162,42
1763057791.019957,26,36,56,127,95,97,130,32
1763057791.0425053,26,32,55,142,89,98,127,32
1763057791.0649576,28,31,58,139,86,101,128,31
1763057791.102461,28,37,69,130,74,100,125,31
1763057791.1399493,29,37,73,113,68,77,121,28
1763057791.1624672,30,37,73,113,62,74,122,29
1763057791.1999624,30,36,61,105,61,88,110,31
1763057791.2229192,32,37,55,109,81,90,69,31
1763057791.2524664,33,38,73,131,165,129,68,35
1763057791.282491,36,46,109,180,231,156,82,38
1763057791.304939,39,59,168,284,265,226,88,40
1763057791.3424623,38,69,193,387,313,302,240,49
1763057791.364928,36,68,194,377,292,310,325,51
1763057791.402454,30,57,140,313,249,268,361,48
1763057791.4249747,30,53,139,243,193,179,353,47
1763057791.4624515,28,45,116,203,117,157,223,35
1763057791.48498,29,47,112,203,107,167,173,33
1763057791.522532,29,61,73,150,126,172,169,29
1763057791.5449653,27,70,74,142,132,162,154,30
1763057791.5824625,27,88,97,158,130,118,180,27
1763057791.604941,29,94,110,161,133,124,200,29
1763057791.642467,28,86,99,154,107,110,213,27
1763057791.67246,27,81,98,147,97,93,199,31
